-- MySQL Administrator dump 1.4
--
-- ------------------------------------------------------
-- Server version	5.5.50


/*!40101 SET @OLD_CHARACTER_SET_CLIENT=@@CHARACTER_SET_CLIENT */;
/*!40101 SET @OLD_CHARACTER_SET_RESULTS=@@CHARACTER_SET_RESULTS */;
/*!40101 SET @OLD_COLLATION_CONNECTION=@@COLLATION_CONNECTION */;
/*!40101 SET NAMES utf8 */;

/*!40014 SET @OLD_UNIQUE_CHECKS=@@UNIQUE_CHECKS, UNIQUE_CHECKS=0 */;
/*!40014 SET @OLD_FOREIGN_KEY_CHECKS=@@FOREIGN_KEY_CHECKS, FOREIGN_KEY_CHECKS=0 */;
/*!40101 SET @OLD_SQL_MODE=@@SQL_MODE, SQL_MODE='NO_AUTO_VALUE_ON_ZERO' */;


--
-- Create schema filetracking
--

CREATE DATABASE /*!32312 IF NOT EXISTS*/ filetracking;
USE filetracking;

--
-- Table structure for table `filetracking`.`act_master`
--

DROP TABLE IF EXISTS `act_master`;
CREATE TABLE `act_master` (
  `am_sl` int(11) NOT NULL,
  `ctm_sl` int(11) NOT NULL,
  `am_name` varchar(255) NOT NULL,
  PRIMARY KEY (`am_sl`)
) ENGINE=InnoDB DEFAULT CHARSET=latin1;

--
-- Dumping data for table `filetracking`.`act_master`
--

/*!40000 ALTER TABLE `act_master` DISABLE KEYS */;
INSERT INTO `act_master` (`am_sl`,`ctm_sl`,`am_name`) VALUES 
 (1,1,'Advocates Act. 1961'),
 (2,1,'Air (Prevention and Control of Pollution) Act. 1981'),
 (3,1,'Anand Marriage Act. 1909'),
 (4,1,'Arbitration and Conciliation Act. 1996'),
 (5,1,'Arya Marriage Validation Act. 1937'),
 (6,1,'Bankers\'\' Books Evidence Act. 1891'),
 (7,1,'Benami Transactions (Prohibition) Act. 1988'),
 (8,1,'Cable Television Networks (Regulation) Act. 1995'),
 (9,1,'Carriers Act. 1865'),
 (10,1,'Carriage by Air Act. 1972'),
 (11,1,'Carriage by Road Act. 2007'),
 (12,1,'Charitable and Religious Trusts Act. 1920'),
 (13,1,'Charitable Endowments Act. 1890'),
 (14,1,'Christian Marriage Act. 1872'),
 (15,1,'Cinematograph Act. 1952'),
 (16,1,'Citizenship Act. 1955'),
 (17,1,'Commercial Documents Evidence Act. 1939'),
 (18,1,'Commissions for Protection of Child Rights Act. 2005'),
 (19,1,'Commissions of Inquiry Act. 1952'),
 (20,1,'Consumer Protection Act. 1986'),
 (21,1,'Contempt of Courts Act. 1971'),
 (22,1,'Contract Act. 1872'),
 (23,1,'Copyright Act. 1957');
INSERT INTO `act_master` (`am_sl`,`ctm_sl`,`am_name`) VALUES 
 (24,1,'Court-fees Act. 1870'),
 (25,1,'Dissolution of Muslim Marriages Act. 1939'),
 (26,1,'Divorce Act. 1869'),
 (27,1,'Easements Act. 1882'),
 (28,1,'Electricity Act. 2003'),
 (29,1,'Environment (Protection) Act. 1986'),
 (30,1,'Family Courts Act. 1984'),
 (31,1,'Foreigners Act. 1946'),
 (32,1,'Foreign Marriage Act. 1969'),
 (33,1,'General Clauses Act. 1897'),
 (34,1,'Guardians and Wards Act. 1890'),
 (35,1,'Hindu Adoptions and Maintenance Act. 1956'),
 (36,1,'Hindu Disposition of Property Act. 1916'),
 (37,1,'Hindu Marriage Act. 1955'),
 (38,1,'Hindu Minority and Guardianship Act. 1956'),
 (39,1,'Hindu Succession Act. 1956'),
 (40,1,'Hindu Widows\'\' Remarriage Act. 1856'),
 (41,1,'Hindu Women\'\'s Rights to Property Act. 1937'),
 (42,1,'Hire-Purchase Act. 1972'),
 (43,1,'Hire-Purchase (Repeal) Act. 2005'),
 (44,1,'Interest Act. 1978'),
 (45,1,'Juvenile Justice (Care and Protection of Children) Act. 2000'),
 (46,1,'Land Acquisition Act. 1894'),
 (47,1,'Legal Services Authorities Act. 1987');
INSERT INTO `act_master` (`am_sl`,`ctm_sl`,`am_name`) VALUES 
 (48,1,'Limitation Act. 1963'),
 (49,1,'Limited Liability Partnership Act. 2008'),
 (50,1,'Majority Act. 1875'),
 (51,1,'Mental Health Act. 1987'),
 (52,1,'Micro. Small and Medium Enterprises Development Act. 2006'),
 (53,1,'Muslim Personal Law (Shariat) Application Act. 1937'),
 (54,1,'Muslim Women (Protection of Rights on Divorce) Act. 1986'),
 (55,1,'National Commission for Minority Educational Institutions Act. 2004'),
 (56,1,'Negotiable Instruments Act. 1881'),
 (57,1,'Notaries Act. 1952'),
 (58,1,'Oaths Act. 1969'),
 (59,1,'Official Trustees Act. 1913'),
 (60,1,'Parsi Marriage and Divorce Act. 1936'),
 (61,1,'Partition Act. 1893'),
 (62,1,'Partnership Act. 1932'),
 (63,1,'Passports Act. 1967'),
 (64,1,'Places of Worship (Special Provisions) Act. 1991'),
 (65,1,'Powers of Attorney Act. 1882'),
 (66,1,'Press and Registration of Books Act. 1867'),
 (67,1,'Prohibition of Child Marriage Act. 2006'),
 (68,1,'Provincial Insolvency Act. 1920'),
 (69,1,'Provincial Small Cause Courts Act. 1887');
INSERT INTO `act_master` (`am_sl`,`ctm_sl`,`am_name`) VALUES 
 (70,1,'Public Liability Insurance Act. 1991'),
 (71,1,'Public Premises (Eviction of Unauthorised Occupants) Act. 1971'),
 (72,1,'Recovery of Debts Due to Banks and Financial Institutions Act. 1993'),
 (73,1,'Registration Act. 1908'),
 (74,1,'Registration of Births and Deaths Act. 1969'),
 (75,1,'Registration of Foreigners Act. 1939'),
 (76,1,'Religious Endowments Act. 1863'),
 (77,1,'Religious Societies Act. 1880'),
 (78,1,'Requisitioning and Acquisition of Immovable Property Act. 1952'),
 (79,1,'Right to Information Act. 2005'),
 (80,1,'Sale of Goods Act. 1930'),
 (81,1,'Securitisation and Reconstruction of Financial Assets and Enforcement of Security Interest Act. 2002'),
 (82,1,'Societies Registration Act. 1860'),
 (83,1,'Special Marriage Act. 1954'),
 (84,1,'Specific Relief Act. 1963'),
 (85,1,'Stamp Act. 1899'),
 (86,1,'State Emblem of India (Prohibition of Improper Use) Act. 2005'),
 (87,1,'Succession Act. 1925'),
 (88,1,'Suits Valuation Act. 1887'),
 (89,1,'Telegraph Act. 1885');
INSERT INTO `act_master` (`am_sl`,`ctm_sl`,`am_name`) VALUES 
 (90,1,'Transfer of Property Act. 1882'),
 (91,1,'Trusts Act. 1882'),
 (92,1,'Urban Land (Ceiling and Regulation) Act. 1976'),
 (93,1,'Urban Land (Ceiling and Regulation) Repeal Act. 1999'),
 (94,1,'Wakf Act. 1995'),
 (95,1,'Warehousing (Development and Regulation) Act. 2007'),
 (96,1,'Water (Prevention and Control of Pollution) Act. 1974'),
 (97,1,'Indian Wireless Telegraphy Act. 1933'),
 (98,1,'Code of Civil Procedure'),
 (99,2,'Advocates Act. 1961 (Relevant Provisions)'),
 (100,2,'Air (Prevention and Control of Pollution) Act. 1981 (Relevant Provisions)'),
 (101,2,'Ancient Monuments and Archaeological Sites and Remains Act. 1958 (Relevant Provisions)'),
 (102,2,'Ancient Monuments Preservation Act. 1904'),
 (103,2,'Antiquities and Art Treasures Act. 1972 (Relevant Provisions)'),
 (104,2,'Anti-Hijacking Act. 1982'),
 (105,2,'Arms Act. 1959'),
 (106,2,'Arms Rules. 1962'),
 (107,2,'Army Act. 1950 (Relevant Provisions)'),
 (108,2,'Benami Transactions (Prohibition) Act. 1988'),
 (109,2,'Bonded Labour System (Abolition) Act. 1976');
INSERT INTO `act_master` (`am_sl`,`ctm_sl`,`am_name`) VALUES 
 (110,2,'Cable Television Networks (Regulation) Act. 1995'),
 (111,2,'Cattle-Trespass Act. 1871'),
 (112,2,'Central Vigilance Commission Act. 2003'),
 (113,2,'Chits Funds Act. 1982 (Relevant Provisions)'),
 (114,2,'Cigarettes and Other Tobacco Products (Prohibition of'),
 (115,2,'Cinematograph Act. 1952'),
 (116,2,'Citizenship Act. 1955 (Relevant Provisions)'),
 (117,2,'Commissions of Inquiry Act. 1952'),
 (118,2,'Commission of Sati (Prevention) Act. 1987'),
 (119,2,'Commission of Sati (Prevention) Rules. 1988'),
 (120,2,'Conservation of Foreign Exchange and Prevention of Smuggling Activities Act. 1974'),
 (121,2,'Contempt of Courts Act. 1971'),
 (122,2,'Copyright Act. 1957 (Relevant Provisions)'),
 (123,2,'Credit Information Companies (Regulation) Act. 2005 (Relevant Provisions)'),
 (124,2,'Criminal Law Amendment Act. 1908 (Relevant Provisions)'),
 (125,2,'Criminal Law Amendment Act. 1932'),
 (126,2,'Criminal Law Amendment Act. 1938'),
 (127,2,'Criminal Law Amendment Act. 1961');
INSERT INTO `act_master` (`am_sl`,`ctm_sl`,`am_name`) VALUES 
 (128,2,'Criminal Law Amendment (Amending) Act. 1966 (Relevant Provisions)'),
 (129,2,'Criminal Law Amendment Ordinance. 1944'),
 (130,2,'Criminal Law Amendment Ordinance. 1946'),
 (131,2,'Customs Act. 1962 (Relevant Provisions)'),
 (132,2,'Dangerous Machines (Regulation) Act. 1983'),
 (133,2,'Delhi Special Police Establishment Act. 1946'),
 (134,2,'Departmental Inquiries (Enforcement of Attendance of Witnesses and Production of Documents) Act. 1972'),
 (135,2,'Depositories Act. 1996 (Relevant Provisions)'),
 (136,2,'Dowry Prohibition Act. 1961'),
 (137,2,'Dowry Prohibition (Maintenance of Lists of Presents to the Bride and Bridegroom) Rules. 1985'),
 (138,2,'Dramatic Performances Act. 1876'),
 (139,2,'Drugs and Cosmetics Act. 1940'),
 (140,2,'Drugs and Magic Remedies (Objectionable Advertisements) Act. 1954'),
 (141,2,'Drugs (Control) Act. 1950'),
 (142,2,'Electricity Act. 2003 (Relevant Provisions)'),
 (143,2,'Emblems and Names (Prevention of Improper Use) Act. 1950'),
 (144,2,'Emigration Act. 1983 (Relevant Provisions)');
INSERT INTO `act_master` (`am_sl`,`ctm_sl`,`am_name`) VALUES 
 (145,2,'Environment (Protection) Act. 1986'),
 (146,2,'Essential Commodities Act. 1955'),
 (147,2,'Essential Commodities (Special Provisions) Act. 1981'),
 (148,2,'Essential Services Maintenance Act. 1981'),
 (149,2,'Explosives Act. 1884'),
 (150,2,'Explosive Substances Act. 1908'),
 (151,2,'Extradition Act. 1962'),
 (152,2,'Fatal Accidents Act. 1855'),
 (153,2,'Food Safety and Standards Act. 2006 (Relevant Provisions)'),
 (154,2,'Foreigners Act. 1946'),
 (155,2,'Foreigners Order. 1948'),
 (156,2,'Foreign Exchange Management Act. 1999'),
 (157,2,'Forest Act. 1927'),
 (158,2,'Forest (Conservation) Act. 1980'),
 (159,2,'Forward Contracts (Regulation) Act. 1952 (Relevant Provisions)'),
 (160,2,'The General Clauses Act. 1897'),
 (161,2,'The Identification of Prisoners Act. 1920'),
 (162,2,'Immoral Traffic (Prevention) Act. 1956'),
 (163,2,'Indecent Representation of Women (Prohibition) Act. 1986'),
 (164,2,'Infant Milk Substitutes. Feeding Bottles and Infant Foods (Regulation of Production. Supply and Distribution) Act.1992 (Relevant Provisions)'),
 (165,2,'Inflammable Substances Act. 1952');
INSERT INTO `act_master` (`am_sl`,`ctm_sl`,`am_name`) VALUES 
 (166,2,'Information Technology Act. 2000 (Relevant Provisions)'),
 (167,2,'Juvenile Justice (Care and Protection of Children) Act. 2000'),
 (168,2,'Lotteries (Regulation) Act. 1998 (Relevant Provisions)'),
 (169,2,'Maharashtra Control of Organised Crime Act. 1999'),
 (170,2,'Medical Termination of Pregnancy Act. 1971'),
 (171,2,'Medical Termination of Pregnancy Rules. 2003'),
 (172,2,'Mental Health Act. 1987 (Relevant Provisions)'),
 (173,2,'Motor Vehicles Act. 1988 (Relevant Provisions)'),
 (174,2,'Muslim Women (Protection of Rights on Divorce) Act. 1986'),
 (175,2,'Narcotic Drugs and Psychotropic Substances Act. 1985'),
 (176,2,'Narcotic Drugs and Psychotropic Substances (Execution of Bond by Convicts for Addicts) Rules. 1985'),
 (177,2,'National Investigation Agency Act. 2008'),
 (178,2,'National Security Act. 1980'),
 (179,2,'Negotiable Instruments Act. 1881 (Relevant Provisions)'),
 (180,2,'Oaths Act. 1969'),
 (181,2,'Official Secrets Act. 1923'),
 (182,2,'PASSPORT (ENTRY INTO INDIA) ACT. 1920');
INSERT INTO `act_master` (`am_sl`,`ctm_sl`,`am_name`) VALUES 
 (183,2,'Passports Act. 1967 (Relevant Provisions)'),
 (184,2,'PLACES OF WORSHIP (SPECIAL PROVISIONS) ACT. 1991'),
 (185,2,'Poisons Act. 1919'),
 (186,2,'Police Act. 1861'),
 (187,2,'Police Act. 1888'),
 (188,2,'Police Act. 1949'),
 (189,2,'POLICE FORCES (RESTRICTION OF RIGHTS) ACT. 1966'),
 (190,2,'POLICE (INCITEMENT TO DISAFFECTION) ACT. 1922'),
 (191,2,'PRE-CONCEPTION AND PRE-NATAL DIAGNOSTIC TECHNIQUES (PROHIBITION OF SEX SELECTION) '),
 (192,2,'PRESS AND REGISTRATION OF BOOKS ACT. 1867 (RELEVANT PROVISIONS)'),
 (193,2,'PREVENTION OF BLACK MARKETING AND MAINTENANCE OF SUPPLIES OF ESSENTIAL COMMODITIES ACT.1980'),
 (194,2,'Prevention Of Corruption Act. 1988'),
 (195,2,'Prevention of Cruelty to Animals Act. 1960 (Relevant Provisions)'),
 (196,2,'Prevention of Damage to Public Property Act. 1984'),
 (197,2,'Prevention of Food Adulteration Act. 1954 (Relevant Provisions)'),
 (198,2,'Prevention of Illicit Traffic in Narcotic Drugs and Psychotropic Substances Act. 1988'),
 (199,2,'Prevention of Insults to National Honour Act. 1971');
INSERT INTO `act_master` (`am_sl`,`ctm_sl`,`am_name`) VALUES 
 (200,2,'Prevention of Money Laundering Act.2002'),
 (201,2,'Prevention of Seditious Meetings Act. 1911'),
 (202,2,'Prevention of Terrorism Act. 2002'),
 (203,2,'Prevention of Terrorism (Repeal) Act. 2004'),
 (204,2,'Prisoners Act. 1900'),
 (205,2,'Prisoners (Attendance in Courts) Act. 1955'),
 (206,2,'Prisons Act. 1894'),
 (207,2,'Private Security Agencies (Regulation) Act. 2005'),
 (208,2,'Probation of Offenders Act. 1958'),
 (209,2,'Prohibition of Child Marriage Act. 2006'),
 (210,2,'Prohibition of Smoking in Public Places Rules. 2008'),
 (211,2,'Protection of Civil Rights Act. 1955'),
 (212,2,'Protection of Human Rights Act. 1993'),
 (213,2,'Protection of Women from Domestic Violence Act. 2005'),
 (214,2,'Public Gambling Act. 1867'),
 (215,2,'Public Premises (Eviction Of Unauthorised Occupants) Act. 1971 (Relevant Provisions)'),
 (216,2,'Public Servants (Inquiries) Act. 1850'),
 (217,2,'Railways Act. 1989 (Relevant Provisions)'),
 (218,2,'Railway Property (Unlawful Possession) Act. 1966');
INSERT INTO `act_master` (`am_sl`,`ctm_sl`,`am_name`) VALUES 
 (219,2,'Railway Protection Force Act. 1957'),
 (220,2,'Registration of Foreigners Act. 1939'),
 (221,2,'Religious Institutions (Prevention of Misuse) Act. 1988'),
 (222,2,'Repatriation of Prisoners Act. 2003'),
 (223,2,'Representation of the People Act. 1951 (Relevant Provisions)'),
 (224,2,'Scheduled Castes and the Scheduled Tribes (Prevention of Atrocities) Act. 1989'),
 (225,2,'Securitisation and Reconstruction of Financial Assets and Enforcement of Security Interest Act.2002 as amended by Enforcement of Security Interest and Recovery of Debts Laws(Amendment) Act.2004(Relevant Provisions)'),
 (226,2,'Small Coins (Offences) Act. 1971'),
 (227,2,'Smugglers and Foreign Exchange Manipulators (Forfeiture of Property) Act. 1976'),
 (228,2,'Smugglers and Foreign Exchange Manipulators (Receipt. Management and Disposal of Forfeited Property) Rules. 2006'),
 (229,2,'Special Courts Act. 1979'),
 (230,2,'Special Protection Group Act. 1988'),
 (231,2,'Standards of Weights and Measures Act. 1976');
INSERT INTO `act_master` (`am_sl`,`ctm_sl`,`am_name`) VALUES 
 (232,2,'Standards of Weights and Measures (Enforcement) Act. 1985 (Relevant Provisions)'),
 (233,2,'State Emblem of India (Prohibition of Improper Use) Act. 2005'),
 (234,2,'Suppression of Unlawful Acts Against Safety of Maritime Navigation and Fixed Platforms on Continental Shelf Act.2002'),
 (235,2,'Telegraph Act. 1885 (Relevant Provisions)'),
 (236,2,'Telegraph Wire (Unlawful Possession) Act. 1950'),
 (237,2,'Terrorist Affected Areas (Special Courts) Act. 1984'),
 (238,2,'Terrorist and Disruptive Activities (Prevention) Act. 1987'),
 (239,2,'Trade Marks Act. 1999 (Relevant Provisions)'),
 (240,2,'Transfer of Prisoners Act. 1950'),
 (241,2,'Transplantation of Human Organs Act. 1994'),
 (242,2,'Treasure-Trove Act. 1878 (Relevant Provisions)'),
 (243,2,'Unlawful Activities (Prevention) Act. 1967'),
 (244,2,'Water (Prevention and Control of Pollution) Act. 1974 (Relevant Provisions)'),
 (245,2,'Weapons of Mass Destruction and their Delivery Systems (Prohibition of Unlawful Activities) Act.2005'),
 (246,2,'West Bengal Prevention of Defacement of Property Act. 1976');
INSERT INTO `act_master` (`am_sl`,`ctm_sl`,`am_name`) VALUES 
 (247,2,'Wild Life Protection Act. 1972 (Relevant Provisions)'),
 (248,2,'Wireless Telegraphy Act. 1933'),
 (249,2,'Young Persons (Harmful Publications) Act. 1956'),
 (250,2,'Indian Penal Code'),
 (251,2,'Indian Evidence Act'),
 (252,2,'Code of Criminal Procedure'),
 (253,1,'N/A'),
 (254,2,'N/A'),
 (255,2,'Bihar Excise'),
 (256,2,'Bihar Crime Control Act, 1981'),
 (257,2,'Company Act. 1956'),
 (258,2,'Bihar Mines & Mineral Act, 1972'),
 (259,2,'Contract Labour (Regulation & Abolition) Act , 1970.'),
 (260,2,'Employees Provident Fund & Miscellaneous Provisions Act, 1952'),
 (261,2,'Income Tax Act 1961'),
 (262,2,'The Minimum Wages Act'),
 (263,2,'Bihar Municipal Act'),
 (264,2,'Bihar Kastha Chiran Viniaman Act. 1990'),
 (265,2,'Bihar Kast Chiran Forest Act'),
 (266,2,'Hindu Marriage Act. 1955'),
 (267,2,'Industrial Dispute Act, 1947'),
 (268,2,'Pre-natal Diagnostic Techniques Act, 1994'),
 (269,2,'Prevention of Specific Coruption Practice Act.'),
 (270,2,'Family Courts Act. 1984');
INSERT INTO `act_master` (`am_sl`,`ctm_sl`,`am_name`) VALUES 
 (271,2,'Fertilizer Control Act '),
 (272,2,'Saw Mills (Regulation) Act'),
 (273,2,'Wages Act.');
/*!40000 ALTER TABLE `act_master` ENABLE KEYS */;


--
-- Table structure for table `filetracking`.`barcode`
--

DROP TABLE IF EXISTS `barcode`;
CREATE TABLE `barcode` (
  `lb_sl` int(11) NOT NULL,
  `lb_barcode` varchar(100) NOT NULL,
  PRIMARY KEY (`lb_sl`),
  UNIQUE KEY `lb_barcode` (`lb_barcode`)
) ENGINE=InnoDB DEFAULT CHARSET=latin1;

--
-- Dumping data for table `filetracking`.`barcode`
--

/*!40000 ALTER TABLE `barcode` DISABLE KEYS */;
INSERT INTO `barcode` (`lb_sl`,`lb_barcode`) VALUES 
 (1,'1501107540');
/*!40000 ALTER TABLE `barcode` ENABLE KEYS */;


--
-- Table structure for table `filetracking`.`case_nature_master`
--

DROP TABLE IF EXISTS `case_nature_master`;
CREATE TABLE `case_nature_master` (
  `cnm_sl` int(11) NOT NULL,
  `ctm_sl` int(11) NOT NULL,
  `cnm_name` varchar(100) NOT NULL,
  PRIMARY KEY (`cnm_sl`)
) ENGINE=InnoDB DEFAULT CHARSET=latin1;

--
-- Dumping data for table `filetracking`.`case_nature_master`
--

/*!40000 ALTER TABLE `case_nature_master` DISABLE KEYS */;
INSERT INTO `case_nature_master` (`cnm_sl`,`ctm_sl`,`cnm_name`) VALUES 
 (0,0,''),
 (1,1,'First Appeal'),
 (2,1,'Misc.Appeal'),
 (3,1,'L p.Appeal'),
 (4,1,'Tax Cases'),
 (5,2,'Criminal Appeal (DB)'),
 (6,2,'Criminal Miscellaneous'),
 (7,2,'Criminal Revision'),
 (8,1,'Civil Revision'),
 (9,1,'Second Appeal'),
 (10,1,'M J C '),
 (11,1,'Civil Review'),
 (12,1,'Civil Reference'),
 (14,1,'Election Petition'),
 (15,1,'Civil W R I T'),
 (16,2,'Criminal WRIT'),
 (17,1,'Test Case'),
 (18,1,'Test Suit'),
 (19,1,'Matrimonial Ref. '),
 (20,1,'Company Application'),
 (21,1,'Company Petition'),
 (22,1,'Title Suit'),
 (24,2,'Criminal Appeal (SJ)'),
 (25,2,'Govt. Appeal (DB)'),
 (26,2,'SLA'),
 (27,2,'Ciriminal Appeal (U/S)'),
 (28,2,'Death Reference'),
 (29,2,'Ciriminal Reference'),
 (30,1,'Petent Case'),
 (31,2,'Govt. Appeal (SJ)'),
 (32,2,'OR. CR. MISC. (DB)'),
 (33,1,'Matrimonial Suit'),
 (34,1,'Compensation A'),
 (35,2,'CR. APP. 341. CR. P.C'),
 (36,1,'Request Case'),
 (37,1,'Company Appeal (SJ)'),
 (38,1,'Company Appeal (DB)');
INSERT INTO `case_nature_master` (`cnm_sl`,`ctm_sl`,`cnm_name`) VALUES 
 (39,1,'Certificate Appeal'),
 (40,1,'SCA'),
 (41,1,'Money Suit'),
 (44,1,'Civil Miscellaneous Jurisdiction'),
 (45,2,'OR. CR. MISC. (SJ)'),
 (46,2,'S C A'),
 (47,1,'CR.MISC'),
 (48,1,'CR.WRIT'),
 (49,1,'Arbitration Case');
/*!40000 ALTER TABLE `case_nature_master` ENABLE KEYS */;


--
-- Table structure for table `filetracking`.`case_type_master`
--

DROP TABLE IF EXISTS `case_type_master`;
CREATE TABLE `case_type_master` (
  `ctm_sl` int(11) NOT NULL,
  `ctm_name` varchar(100) NOT NULL,
  PRIMARY KEY (`ctm_sl`)
) ENGINE=InnoDB DEFAULT CHARSET=latin1;

--
-- Dumping data for table `filetracking`.`case_type_master`
--

/*!40000 ALTER TABLE `case_type_master` DISABLE KEYS */;
INSERT INTO `case_type_master` (`ctm_sl`,`ctm_name`) VALUES 
 (1,'Civil'),
 (2,'Criminal');
/*!40000 ALTER TABLE `case_type_master` ENABLE KEYS */;


--
-- Table structure for table `filetracking`.`conn_app_disposal_status_master`
--

DROP TABLE IF EXISTS `conn_app_disposal_status_master`;
CREATE TABLE `conn_app_disposal_status_master` (
  `disposal_status_id` int(11) NOT NULL,
  `disposal_status_name` varchar(45) NOT NULL
) ENGINE=InnoDB DEFAULT CHARSET=latin1;

--
-- Dumping data for table `filetracking`.`conn_app_disposal_status_master`
--

/*!40000 ALTER TABLE `conn_app_disposal_status_master` DISABLE KEYS */;
/*!40000 ALTER TABLE `conn_app_disposal_status_master` ENABLE KEYS */;


--
-- Table structure for table `filetracking`.`dist_ps_maping`
--

DROP TABLE IF EXISTS `dist_ps_maping`;
CREATE TABLE `dist_ps_maping` (
  `dp_sl` int(11) NOT NULL,
  `dist_name` varchar(120) NOT NULL,
  `ps_name` varchar(120) NOT NULL,
  PRIMARY KEY (`dp_sl`)
) ENGINE=InnoDB DEFAULT CHARSET=latin1;

--
-- Dumping data for table `filetracking`.`dist_ps_maping`
--

/*!40000 ALTER TABLE `dist_ps_maping` DISABLE KEYS */;
INSERT INTO `dist_ps_maping` (`dp_sl`,`dist_name`,`ps_name`) VALUES 
 (0,'',''),
 (1,'Araria','ARARIA'),
 (2,'Araria','BAIRGACHHAI'),
 (3,'Araria','BARDAHA'),
 (4,'Araria','BAUNSI'),
 (5,'Araria','BHARGAMA'),
 (6,'Araria','COMPLAINT CASE'),
 (7,'Araria','DHURANA'),
 (8,'Araria','FORBESGANJ'),
 (9,'Araria','FULKAHA'),
 (10,'Araria','JOGBANI'),
 (11,'Araria','JOKIHAT'),
 (12,'Araria','KURSAKANTA'),
 (13,'Araria','MAHALGAON'),
 (14,'Araria','MAHILA P.S.'),
 (15,'Araria','NARPATGANJ'),
 (16,'Araria','PALASI'),
 (17,'Araria','PARDAHA'),
 (18,'Araria','PURANA'),
 (19,'Araria','RANIGANJ'),
 (20,'Araria','SC/ST'),
 (21,'Araria','SIKTI'),
 (22,'Araria','SIMRAHA'),
 (23,'Araria','SONAMANI'),
 (24,'Araria','TARABARI'),
 (25,'Aurangabad','AMBA'),
 (26,'Aurangabad','AURANGABAD'),
 (27,'Aurangabad','BANDIYA'),
 (28,'Aurangabad','BARUN'),
 (29,'Aurangabad','DAUDNAGAR'),
 (30,'Aurangabad','DEO'),
 (31,'Aurangabad','DEOKUND'),
 (32,'Aurangabad','DHIBRA'),
 (33,'Aurangabad','FESHAR'),
 (34,'Aurangabad','GOH'),
 (35,'Aurangabad','HASPURA');
INSERT INTO `dist_ps_maping` (`dp_sl`,`dist_name`,`ps_name`) VALUES 
 (36,'Aurangabad','JAMHORA'),
 (37,'Aurangabad','KALER'),
 (38,'Aurangabad','KASMA'),
 (39,'Aurangabad','KHUDWAN'),
 (40,'Aurangabad','KUTUMBA'),
 (41,'Aurangabad','MADANPUR'),
 (42,'Aurangabad','MAHILA PS'),
 (43,'Aurangabad','MALI'),
 (44,'Aurangabad','MARACHI'),
 (45,'Aurangabad','MUFFASIL'),
 (46,'Aurangabad','NARARI KALA KHURD'),
 (47,'Aurangabad','NAWINAGAR'),
 (48,'Aurangabad','NTPC KHAIRA'),
 (49,'Aurangabad','OBRA'),
 (50,'Aurangabad','PAUTHU'),
 (51,'Aurangabad','RAFIGANJ'),
 (52,'Aurangabad','RISHIUP'),
 (53,'Aurangabad','SALAIYA'),
 (54,'Aurangabad','SC/ST'),
 (55,'Aurangabad','SIMRA'),
 (56,'Aurangabad','TANDWA'),
 (57,'Aurangabad','UPHARA'),
 (58,'Banka','AMARPUR'),
 (59,'Banka','BANKA'),
 (60,'Banka','BARAHAT'),
 (61,'Banka','BAUNSI'),
 (62,'Banka','BELHAR'),
 (63,'Banka','CHANDAR'),
 (64,'Banka','DHURAIYA'),
 (65,'Banka','KATORIA'),
 (66,'Banka','MAHILA P.S.'),
 (67,'Banka','PANJWARA'),
 (68,'Banka','PHULIDUMAR'),
 (69,'Banka','RAJAUN');
INSERT INTO `dist_ps_maping` (`dp_sl`,`dist_name`,`ps_name`) VALUES 
 (70,'Banka','SC/ST'),
 (71,'Banka','SHAMBHUGANJ'),
 (72,'Begusarai','BACHWARA'),
 (73,'Begusarai','BAKHRI'),
 (74,'Begusarai','BALIA'),
 (75,'Begusarai','BARAUNI'),
 (76,'Begusarai','BEERPUR'),
 (77,'Begusarai','BEGUSARAI MUFFASIL'),
 (78,'Begusarai','BEGUSARAI TOWN'),
 (79,'Begusarai','BHAGWANPUR'),
 (80,'Begusarai','CHARIYA BARIARPUR'),
 (81,'Begusarai','DANDARI'),
 (82,'Begusarai','GADHPURA'),
 (83,'Begusarai','KHODABANDPUR'),
 (84,'Begusarai','MAHILA THANA'),
 (85,'Begusarai','MANSURCHAK'),
 (86,'Begusarai','MATIHANI'),
 (87,'Begusarai','NAWAKOTHI'),
 (88,'Begusarai','NAYAGAON'),
 (89,'Begusarai','NIYAMACHANDPUR'),
 (90,'Begusarai','PHULWARIA'),
 (91,'Begusarai','SAHEBPUR KAMAL'),
 (92,'Begusarai','SAMHO'),
 (93,'Begusarai','TEGHRA'),
 (94,'Begusarai','Rail P.S.'),
 (95,'Bachhwara','Rail P.S.'),
 (96,'Garahara','RPF/Post'),
 (97,'Begusarai','RPF/Post'),
 (98,'Bhagalpur','AKBARNAGAR'),
 (99,'Bhagalpur','ANTICHAK'),
 (100,'Bhagalpur','BARARI');
INSERT INTO `dist_ps_maping` (`dp_sl`,`dist_name`,`ps_name`) VALUES 
 (101,'Bhagalpur','BATH'),
 (102,'Bhagalpur','BHAGALPUR KOTWALI'),
 (103,'Bhagalpur','BIHPUR'),
 (104,'Bhagalpur','BOUNSI'),
 (105,'Bhagalpur','BUDHUCHAK'),
 (106,'Bhagalpur','DHOLBAJJA'),
 (107,'Bhagalpur','EKCHARI'),
 (108,'Bhagalpur','GOPALPUR'),
 (109,'Bhagalpur','GORADIH'),
 (110,'Bhagalpur','HABIBPUR'),
 (111,'Bhagalpur','SC/ST'),
 (112,'Bhagalpur','INDUSTRIAL'),
 (113,'Bhagalpur','ISHAKCHAK'),
 (114,'Bhagalpur','ISHOPUR'),
 (115,'Bhagalpur','ISMILEPUR'),
 (116,'Bhagalpur','JAGDISHPUR'),
 (117,'Bhagalpur','KAHALGAON.'),
 (118,'Bhagalpur','KAJRAULICHAK'),
 (119,'Bhagalpur','KHARIK'),
 (120,'Bhagalpur','LODIPUR'),
 (121,'Bhagalpur','MAHILA P.S.'),
 (122,'Bhagalpur','MAUZAHIDPUR'),
 (123,'Bhagalpur','NATHNAGAR'),
 (124,'Bhagalpur','NAUGACHIA'),
 (125,'Bhagalpur','NTPC'),
 (126,'Bhagalpur','PARBATTA'),
 (127,'Bhagalpur','PIRPAINTI'),
 (128,'Bhagalpur','SABAUR'),
 (129,'Bhagalpur','SAHKUND'),
 (130,'Bhagalpur','SAJOUR'),
 (131,'Bhagalpur','SANHOLA');
INSERT INTO `dist_ps_maping` (`dp_sl`,`dist_name`,`ps_name`) VALUES 
 (132,'Bhagalpur','SANOKHAR'),
 (133,'Bhagalpur','SULTANGANJ'),
 (134,'Bhagalpur','TATARPUR'),
 (135,'Bhagalpur','Bhagalpur Rail P.S.'),
 (136,'Bhagalpur','Bhagalpur RPF/Post'),
 (137,'Bhagalpur','Kahalgaon RPF/Post'),
 (138,'Bhagalpur','TRAFFIC'),
 (139,'Bhojpur','AAYAR'),
 (140,'Bhojpur','AGIAUN BAZAR'),
 (141,'Bhojpur','AGIOAN (GARAHANI)'),
 (142,'Bhojpur','AJIMABAD'),
 (143,'Bhojpur','SC/ST'),
 (144,'Bhojpur','ARA NAGAR'),
 (145,'Bhojpur','ARA NAWADA'),
 (146,'Bhojpur','ARA MUFASSIL'),
 (147,'Bhojpur','Ara Rail P.S.'),
 (148,'Bhojpur','Ara RFP/Post'),
 (149,'Bhojpur','BARHARA'),
 (150,'Bhojpur','BIHIYA'),
 (151,'Bhojpur','Buxar Rail P.S.'),
 (152,'Bhojpur','Buxar RFP/Post'),
 (153,'Bhojpur','CHANDI'),
 (154,'Bhojpur','CHARPOKHARI'),
 (155,'Bhojpur','CHAURI'),
 (156,'Bhojpur','DHANGAI'),
 (157,'Bhojpur','DHANSOI'),
 (158,'Bhojpur','IMADPUR'),
 (159,'Bhojpur','JAGDISHPUR'),
 (160,'Bhojpur','KOILWAR'),
 (161,'Bhojpur','KRISHNAGARH'),
 (162,'Bhojpur','MAHILA P.S.');
INSERT INTO `dist_ps_maping` (`dp_sl`,`dist_name`,`ps_name`) VALUES 
 (163,'Bhojpur','NARAINPUR'),
 (164,'Bhojpur','PAWNA'),
 (165,'Bhojpur','PIRO'),
 (166,'Bhojpur','SAHAR'),
 (167,'Bhojpur','SAHPUR'),
 (168,'Bhojpur','SANDESH'),
 (169,'Bhojpur','SIKARHATA'),
 (170,'Bhojpur','SONBERSA'),
 (171,'Bhojpur','TARARI'),
 (172,'Bhojpur','TIYAR'),
 (173,'Bhojpur','UDWANTNAGAR'),
 (174,'Buxar','AAMAR'),
 (175,'Buxar','BAGAINGOLA'),
 (176,'Buxar','BRAHMPUR'),
 (177,'Buxar','BUXAR'),
 (178,'Buxar','BUXAR INDUSTRIAL'),
 (179,'Buxar','BUXAR MUFFSIL'),
 (180,'Buxar','DHANSORI'),
 (181,'Buxar','DUMRAUN'),
 (182,'Buxar','GANGABRIDGE'),
 (183,'Buxar','ITADHI'),
 (184,'Buxar','KORANSARAI'),
 (185,'Buxar','MAHILA PS'),
 (186,'Buxar','MURAR'),
 (187,'Buxar','NANIJOR'),
 (188,'Buxar','NAWANGAR'),
 (189,'Buxar','RAJPUR'),
 (190,'Buxar','SC/ST PS'),
 (191,'Buxar','SIKRAUL'),
 (192,'Buxar','SIMRI'),
 (193,'Buxar','SONEBARSA'),
 (194,'Darbhanga','ALINAGAR'),
 (195,'Darbhanga','ASHOK PAPER MILL'),
 (196,'Darbhanga','BAHADURPUR'),
 (197,'Darbhanga','BAHERA');
INSERT INTO `dist_ps_maping` (`dp_sl`,`dist_name`,`ps_name`) VALUES 
 (198,'Darbhanga','BAHERI'),
 (199,'Darbhanga','BAIKA'),
 (200,'Darbhanga','BIRAUL'),
 (201,'Darbhanga','BISHUNPUR'),
 (202,'Darbhanga','BOHRE'),
 (203,'Darbhanga','DARBHANGA'),
 (204,'Darbhanga','DARBHANGA SADAR'),
 (205,'Darbhanga','ECONOMIC OFFENCE'),
 (206,'Darbhanga','GHANSHYAMPUR'),
 (207,'Darbhanga','HAYAGHAT'),
 (208,'Darbhanga','JALE'),
 (209,'Darbhanga','JAMALPUR'),
 (210,'Darbhanga','KAMTAUL'),
 (211,'Darbhanga','KEOTI'),
 (212,'Darbhanga','KUSHESHWARSTHAN'),
 (213,'Darbhanga','LAHERIASARAI'),
 (214,'Darbhanga','LALIT NARAYAN MITHILA UNIVERSITY'),
 (215,'Darbhanga','MAHILA PS'),
 (216,'Darbhanga','MANIGACHI'),
 (217,'Darbhanga','MORE'),
 (218,'Darbhanga','NADI THANI'),
 (219,'Darbhanga','RAIYAM'),
 (220,'Darbhanga','SAKATPUR'),
 (221,'Darbhanga','SC/ST PS'),
 (222,'Darbhanga','SINGHWARA'),
 (223,'Darbhanga','SIMRIBAZAR'),
 (224,'Darbhanga','SUNDARPUR'),
 (225,'Darbhanga','VISHANPUR CHOWK'),
 (226,'East Champaran','AADAPUR'),
 (227,'East Champaran','BANJARIA');
INSERT INTO `dist_ps_maping` (`dp_sl`,`dist_name`,`ps_name`) VALUES 
 (228,'East Champaran','CHAKIA'),
 (229,'East Champaran','CHATOUNI'),
 (230,'East Champaran','CHAURADANO'),
 (231,'East Champaran','CHIRAIYA'),
 (232,'East Champaran','DARPA'),
 (233,'East Champaran','DHAKA'),
 (234,'East Champaran','DUMRIAGHAT'),
 (235,'East Champaran','GHORASAHAN'),
 (236,'East Champaran','GOVINDGANJ'),
 (237,'East Champaran','HARPUR'),
 (238,'East Champaran','HARSIDHI'),
 (239,'East Champaran','JAMUNIA'),
 (240,'East Champaran','JHAROKHAR'),
 (241,'East Champaran','JITNA'),
 (242,'East Champaran','KALYANPUR'),
 (243,'East Champaran','KESARIA'),
 (244,'East Champaran','KOTWA'),
 (245,'East Champaran','KUNDWACHAINPUR'),
 (246,'East Champaran','LAKHAURA'),
 (247,'East Champaran','MADHUBAN'),
 (248,'East Champaran','MAHESI'),
 (249,'East Champaran','MAHILA PS'),
 (250,'East Champaran','MAHUA'),
 (251,'East Champaran','MALAHI'),
 (252,'East Champaran','MOTIHARI town'),
 (253,'East Champaran','MOTIHARI MUFASIL'),
 (254,'East Champaran','NAKARDEI');
INSERT INTO `dist_ps_maping` (`dp_sl`,`dist_name`,`ps_name`) VALUES 
 (255,'East Champaran','PAHARPUR'),
 (256,'East Champaran','PAKRIDAYAL'),
 (257,'East Champaran','PALAHI'),
 (258,'East Champaran','PALANWA'),
 (259,'East Champaran','PATAHI'),
 (260,'East Champaran','PHENHARA'),
 (261,'East Champaran','PIPRA'),
 (262,'East Champaran','PIPRAKOTHI'),
 (263,'East Champaran','RAJEPUR'),
 (264,'East Champaran','RAMGARHWA'),
 (265,'East Champaran','RAXAUL'),
 (266,'East Champaran','SANGRAMPUR'),
 (267,'East Champaran','SC/ST PS'),
 (268,'East Champaran','SHIKARGANJ'),
 (269,'East Champaran','SUGAULI'),
 (270,'East Champaran','TURKAULIYA'),
 (271,'Gaya','Bhabhua Rail P.S.'),
 (272,'Gaya','Dehri On Sone. Rail P.S.'),
 (273,'Gaya','Dehri on sone. RFP/Post'),
 (274,'Gaya','Gaya Rail P.S.'),
 (275,'Gaya','Gaya RPF/Post'),
 (276,'Gaya','Jehanabad Rail P.S.'),
 (277,'Gaya','Jehanabad RFP/Post'),
 (278,'Gaya','Koderma RPF/Post'),
 (279,'Gaya','Navinagar RFP/Post'),
 (280,'Gaya','Rafiganj RPF/Post'),
 (281,'Gaya','Sasaram Rail P.S.');
INSERT INTO `dist_ps_maping` (`dp_sl`,`dist_name`,`ps_name`) VALUES 
 (282,'Gaya','Sasaram'),
 (283,'Gaya','Sonnagar Rail P.S.'),
 (284,'Gaya','AANTI'),
 (285,'Gaya','ALIPUR'),
 (286,'Gaya','AMAS'),
 (287,'Gaya','ANTARI'),
 (288,'Gaya','ATARI'),
 (289,'Gaya','BADHANI'),
 (290,'Gaya','BARACHATTI'),
 (291,'Gaya','BELAGANJ'),
 (292,'Gaya','BHADWAR'),
 (293,'Gaya','BODHGAYA'),
 (294,'Gaya','BUNIADGANJ'),
 (295,'Gaya','CHANDAUTI'),
 (296,'Gaya','CHERKI'),
 (297,'Gaya','CIVIL LINE'),
 (298,'Gaya','COACH'),
 (299,'Gaya','DELHA'),
 (300,'Gaya','DOBHI P.S.'),
 (301,'Gaya','DUMARIA'),
 (302,'Gaya','FATEHPUR'),
 (303,'Gaya','GAYA CITY'),
 (304,'Gaya','GAYA sc/st'),
 (305,'Gaya','GAYA KOTWALI'),
 (306,'Gaya','GAYA MUFFSIL'),
 (307,'Gaya','GURARU'),
 (308,'Gaya','GURUA'),
 (309,'Gaya','IMAMGANJ'),
 (310,'Gaya','KHIJARSARAI'),
 (311,'Gaya','KOCH'),
 (312,'Gaya','KOTHIGRAM'),
 (313,'Gaya','LUTUA'),
 (314,'Gaya','MAGADH MEDICAL COLLEGE'),
 (315,'Gaya','MAGADH UNIVERSITY'),
 (316,'Gaya','MAHILA PS'),
 (317,'Gaya','MAHKAR'),
 (318,'Gaya','MAIGRA');
INSERT INTO `dist_ps_maping` (`dp_sl`,`dist_name`,`ps_name`) VALUES 
 (319,'Gaya','MAIN P.S.'),
 (320,'Gaya','MOHANPUR'),
 (321,'Gaya','NIMCHAKBATHANI'),
 (322,'Gaya','PARAIYA'),
 (323,'Gaya','RAMPUR'),
 (324,'Gaya','RAUSHANGANJ'),
 (325,'Gaya','SHERGHATI'),
 (326,'Gaya','SOHAIL P.S'),
 (327,'Gaya','TEKARI'),
 (328,'Gaya','VISHNUPAD'),
 (329,'Gaya','WAJIRGANJ'),
 (330,'Gopalganj','BAIKUNTHPUR'),
 (331,'Gopalganj','BARAULI'),
 (332,'Gopalganj','BHADOPUR'),
 (333,'Gopalganj','BHORE'),
 (334,'Gopalganj','BISHAMBHARPUR'),
 (335,'Gopalganj','GOPALGANJ CITY'),
 (336,'Gopalganj','GOPALPUR'),
 (337,'Gopalganj','HATHUA'),
 (338,'Gopalganj','JADOPUR'),
 (339,'Gopalganj','JHAJHAGARH'),
 (340,'Gopalganj','KATEYA'),
 (341,'Gopalganj','KUCHAIKOTE'),
 (342,'Gopalganj','MAHILA PS'),
 (343,'Gopalganj','MAJHAHGARH'),
 (344,'Gopalganj','MEERGANJ'),
 (345,'Gopalganj','MOHAMMADPUR'),
 (346,'Gopalganj','PHULIWARIA'),
 (347,'Gopalganj','SC/ST PS'),
 (348,'Gopalganj','SIDHWALIA'),
 (349,'Gopalganj','TARANHAWA'),
 (350,'Gopalganj','THAWE');
INSERT INTO `dist_ps_maping` (`dp_sl`,`dist_name`,`ps_name`) VALUES 
 (351,'Gopalganj','UCHAKAGAON'),
 (352,'Gopalganj','VIJAYPUR'),
 (353,'Jamui','BARHAT'),
 (354,'Jamui','CHAKAI'),
 (355,'Jamui','CHANDDIP'),
 (356,'Jamui','CHANDRA MANDI'),
 (357,'Jamui','CHANDRADEEP'),
 (358,'Jamui','JAMUI'),
 (359,'Jamui','JHAJHA'),
 (360,'Jamui','KASMULTALA'),
 (361,'Jamui','KHAIRA'),
 (362,'Jamui','LAXMIPUR'),
 (363,'Jamui','MAHILA PS'),
 (364,'Jamui','MALAYPUR'),
 (365,'Jamui','RAIL JHAJHA'),
 (366,'Jamui','SC/ST'),
 (367,'Jamui','SIKANDARA'),
 (368,'Jamui','SIMULTALA'),
 (369,'Jamui','SONO'),
 (370,'Jehanabad','ARWAL'),
 (371,'Jehanabad','ARWAL MAHILA'),
 (372,'Jehanabad','BANSHI'),
 (373,'Jehanabad','BARABAR TOURIST'),
 (374,'Jehanabad','C.B.I CASE JEHANABAD'),
 (375,'Jehanabad','GHOSI'),
 (376,'Jehanabad','GOVERNMENT OFFICIAL COMP.'),
 (377,'Jehanabad','HULASGANJ'),
 (378,'Jehanabad','JAHANABAD'),
 (379,'Jehanabad','JEHANABAD COMPLAINT CASE'),
 (380,'Jehanabad','KAKO'),
 (381,'Jehanabad','KALER'),
 (382,'Jehanabad','KARPI');
INSERT INTO `dist_ps_maping` (`dp_sl`,`dist_name`,`ps_name`) VALUES 
 (383,'Jehanabad','KINJAR'),
 (384,'Jehanabad','KURTHA'),
 (385,'Jehanabad','MAHILA PS'),
 (386,'Jehanabad','MAKHDUMPUR'),
 (387,'Jehanabad','MEHANDIA'),
 (388,'Jehanabad','PALI'),
 (389,'Jehanabad','PARASBIGHA'),
 (390,'Jehanabad','PARASI'),
 (391,'Jehanabad','RAMPUR CHAURAY'),
 (392,'Jehanabad','SC/ST'),
 (393,'Jehanabad','SHAKURABAD'),
 (394,'Kaimur (Bhabua)','AGHORA'),
 (395,'Kaimur (Bhabua)','BELAW'),
 (396,'Kaimur (Bhabua)','BHABHU(KAIMUR) COMPLAIN C'),
 (397,'Kaimur (Bhabua)','BHABHUA'),
 (398,'Kaimur (Bhabua)','BHAGWANPUR'),
 (399,'Kaimur (Bhabua)','CHAINPUR'),
 (400,'Kaimur (Bhabua)','CHAND'),
 (401,'Kaimur (Bhabua)','DURGAWATI'),
 (402,'Kaimur (Bhabua)','GOVERNMENT OFFICIAL COMP.'),
 (403,'Kaimur (Bhabua)','KAARAMCHAT SAHAYAK'),
 (404,'Kaimur (Bhabua)','KOCHAS'),
 (405,'Kaimur (Bhabua)','KUCHILA'),
 (406,'Kaimur (Bhabua)','KUDHNI'),
 (407,'Kaimur (Bhabua)','KUDRA'),
 (408,'Kaimur (Bhabua)','MAHILA P.S.'),
 (409,'Kaimur (Bhabua)','MOHANIA'),
 (410,'Kaimur (Bhabua)','NUAOW');
INSERT INTO `dist_ps_maping` (`dp_sl`,`dist_name`,`ps_name`) VALUES 
 (411,'Kaimur (Bhabua)','RAMGARH'),
 (412,'Kaimur (Bhabua)','SONHAN'),
 (413,'Kaimur (Bhabua)','ST/SC (HARIJAN)'),
 (414,'Katihar','AJAMNAGAR'),
 (415,'Katihar','AMDABAD'),
 (416,'Katihar','AWADPUR'),
 (417,'Katihar','BAARSOI (R.T)'),
 (418,'Katihar','Bagdogra RFP/Post'),
 (419,'Katihar','BAHADURPUR'),
 (420,'Katihar','BALIA BELON'),
 (421,'Katihar','BALRAMPUR'),
 (422,'Katihar','BANMANKHI (R.T)'),
 (423,'Katihar','BARARI'),
 (424,'Katihar','BAROUNI (R.T)'),
 (425,'Katihar','BARSOI'),
 (426,'Katihar','Barsoi RPF/Post'),
 (427,'Katihar','BIHPUR (R.T)'),
 (428,'Katihar','C.B.I CASE'),
 (429,'Katihar','DANDKHORA'),
 (430,'Katihar','FALKAHA'),
 (431,'Katihar','GOVERNMENT OFFICIAL COMP.'),
 (432,'Katihar','HASANGANJ'),
 (433,'Katihar','JOGBANI (R.T)'),
 (434,'Katihar','Jogbani Rail P.S.'),
 (435,'Katihar','KADMA'),
 (436,'Katihar','KATIHAR'),
 (437,'Katihar','Katihar (BG)/RPF/Post'),
 (438,'Katihar','Katihar (East)RPF/Post'),
 (439,'Katihar','KATIHAR (R.T)');
INSERT INTO `dist_ps_maping` (`dp_sl`,`dist_name`,`ps_name`) VALUES 
 (440,'Katihar','Katihar (West) RPF/Post'),
 (441,'Katihar','KATIHAR COMPLAINT CASE'),
 (442,'Katihar','KATIHAR GRP CASE'),
 (443,'Katihar','KATIHAR MUFFASIL'),
 (444,'Katihar','Katihar Rail P.S.'),
 (445,'Katihar','KHAGARIA (R.T)'),
 (446,'Katihar','KISHANGAANJ (R.T)'),
 (447,'Katihar','Kishanganj Rail P.S.'),
 (448,'Katihar','Kishanganj RFP/Post'),
 (449,'Katihar','KODHA'),
 (450,'Katihar','KURSELA'),
 (451,'Katihar','MAHILA PS'),
 (452,'Katihar','MANIHARI'),
 (453,'Katihar','MANSAHI'),
 (454,'Katihar','MANSI (R.T)'),
 (455,'Katihar','PRANPUR'),
 (456,'Katihar','Purnea Rail P.S.'),
 (457,'Katihar','Purnea RPF/Post'),
 (458,'Katihar','PURNIA (R.T)'),
 (459,'Katihar','RAUTRA'),
 (460,'Katihar','ROBRA'),
 (461,'Katihar','SAHARSA (R.T)'),
 (462,'Katihar','SAHAYAK NAGAR'),
 (463,'Katihar','SC/ST'),
 (464,'Katihar','SESSION TRIAL CASE'),
 (465,'Katihar','THAKURGANJ (R.T)'),
 (466,'Khagaria','ALOULI'),
 (467,'Khagaria','Banmankhi Rail P.S.'),
 (468,'Khagaria','Banmankhi RPF/Post');
INSERT INTO `dist_ps_maping` (`dp_sl`,`dist_name`,`ps_name`) VALUES 
 (469,'Khagaria','BELDAUR'),
 (470,'Khagaria','C.B.I CASE'),
 (471,'Khagaria','CHAUTHAM'),
 (472,'Khagaria','ECONOMIC OFFENCE'),
 (473,'Khagaria','GOGRI'),
 (474,'Khagaria','GOVERNMENT OFFICIAL COMP.'),
 (475,'Khagaria','KHAGARIA'),
 (476,'Khagaria','KHAGARIA COMPALINT CASE'),
 (477,'Khagaria','KHAGARIA GRP CASE'),
 (478,'Khagaria','Khagaria Rail P.S.'),
 (479,'Khagaria','Khagaria RFP/Post'),
 (480,'Khagaria','MAHESHKHUNT'),
 (481,'Khagaria','Maheshkhunt Rail P.S.'),
 (482,'Khagaria','MAHILA PS'),
 (483,'Khagaria','MANSI'),
 (484,'Khagaria','Mansi Rail P.S.'),
 (485,'Khagaria','Mansi RPF/Post'),
 (486,'Khagaria','MARKAHI'),
 (487,'Khagaria','Naugachhiya Rail P.S.'),
 (488,'Khagaria','Naugachhiya RPF/Post'),
 (489,'Khagaria','PARWATTA'),
 (490,'Khagaria','PASRAHA'),
 (491,'Khagaria','Pratapganj Rail P.S.'),
 (492,'Khagaria','Saharsa Rail P.S.'),
 (493,'Khagaria','Saharsa RPF/Post'),
 (494,'Khagaria','SC/ST'),
 (495,'Khagaria','Thana Bihpur Rail P.S.'),
 (496,'Kishanganj','BAHADURGANJ');
INSERT INTO `dist_ps_maping` (`dp_sl`,`dist_name`,`ps_name`) VALUES 
 (497,'Kishanganj','BIBIGANJ'),
 (498,'Kishanganj','COMPLAINT CASE'),
 (499,'Kishanganj','DIGHALBANK'),
 (500,'Kishanganj','FATEHPUR'),
 (501,'Kishanganj','GALGALIA'),
 (502,'Kishanganj','GARMDAGA'),
 (503,'Kishanganj','GOVERNMENT OFFICIAL COMP.'),
 (504,'Kishanganj','KISHANGANJ'),
 (505,'Kishanganj','KOCHADHAMAN'),
 (506,'Kishanganj','KOTHIBARI'),
 (507,'Kishanganj','KURLIKOT'),
 (508,'Kishanganj','MAHILA P.S.'),
 (509,'Kishanganj','PAHARGANJ'),
 (510,'Kishanganj','PAHARKATTA'),
 (511,'Kishanganj','PATHAMARI'),
 (512,'Kishanganj','PIYAPOKHAR'),
 (513,'Kishanganj','POTHIYA'),
 (514,'Kishanganj','POWAKHALI'),
 (515,'Kishanganj','SC/ST'),
 (516,'Kishanganj','SESSION TRIAL CASE'),
 (517,'Kishanganj','SUKHANI'),
 (518,'Kishanganj','TEDHAGACHH'),
 (519,'Kishanganj','THAKURGANJ'),
 (520,'Lakhisarai ','BARAHIYA'),
 (521,'Lakhisarai ','BIRUPUR SAHAYAK'),
 (522,'Lakhisarai ','C.B.I CASE'),
 (523,'Lakhisarai ','CHANAN'),
 (524,'Lakhisarai ','COMPLAINT CASE'),
 (525,'Lakhisarai ','GOVERNMENT OFFICIAL COMP.');
INSERT INTO `dist_ps_maping` (`dp_sl`,`dist_name`,`ps_name`) VALUES 
 (526,'Lakhisarai ','HALSI'),
 (527,'Lakhisarai ','Jamalpur Rail P.S.'),
 (528,'Lakhisarai ','Jamalpur RPF/Post'),
 (529,'Lakhisarai ','Jamalpur Workshop RPF/Post'),
 (530,'Lakhisarai ','Jasidih RPF/Post'),
 (531,'Lakhisarai ','Jhajha Rail P.S.'),
 (532,'Lakhisarai ','Jhajha RPF/Post'),
 (533,'Lakhisarai ','KAJRA SAHAYAK'),
 (534,'Lakhisarai ','KARANDE SAHAYAK'),
 (535,'Lakhisarai ','Kiul Rail P.S.'),
 (536,'Lakhisarai ','Kiul RPF/Post '),
 (537,'Lakhisarai ','LAKHISARAI'),
 (538,'Lakhisarai ','LUTAUTH'),
 (539,'Lakhisarai ','MAHILA P.S.'),
 (540,'Lakhisarai ','MEDANICHOWK'),
 (541,'Lakhisarai ','PIPRIYA SAHAYAK'),
 (542,'Lakhisarai ','PIRI BAZAR'),
 (543,'Lakhisarai ','PIRU SAHAYAK'),
 (544,'Lakhisarai ','RAIL'),
 (545,'Lakhisarai ','SC/ST'),
 (546,'Lakhisarai ','SURYAGARHA'),
 (547,'Madhepura','ALAMNAGAR'),
 (548,'Madhepura','BELSAND'),
 (549,'Madhepura','BIHARIGANJ'),
 (550,'Madhepura','CHAUSA'),
 (551,'Madhepura','CHHELA'),
 (552,'Madhepura','DHAILADH');
INSERT INTO `dist_ps_maping` (`dp_sl`,`dist_name`,`ps_name`) VALUES 
 (553,'Madhepura','GAMAHARIYA'),
 (554,'Madhepura','GHAILAR'),
 (555,'Madhepura','GOVERNMENT OFFICIAL COMP.'),
 (556,'Madhepura','GWALPARA'),
 (557,'Madhepura','KISHANGANJ'),
 (558,'Madhepura','KUMARKHAND'),
 (559,'Madhepura','MADHEPURA'),
 (560,'Madhepura','MADHEPURA COMPALINT CASE'),
 (561,'Madhepura','MAHILA P.S.'),
 (562,'Madhepura','MURLIGANJ'),
 (563,'Madhepura','PURAINI'),
 (564,'Madhepura','RATWARA'),
 (565,'Madhepura','SC/ST'),
 (566,'Madhepura','SHANKARPUR'),
 (567,'Madhepura','SHRINAGARHAT'),
 (568,'Madhepura','SINGHESHWARASHTHAN'),
 (569,'Madhepura','SRI NAGAR'),
 (570,'Madhepura','UDAKISHANGANJ'),
 (571,'Madhubani','ANDHRAMATH'),
 (572,'Madhubani','ANDHRATHARI'),
 (573,'Madhubani','ARER'),
 (574,'Madhubani','BABUBARHI'),
 (575,'Madhubani','BASOPATTI'),
 (576,'Madhubani','BENIPATTI'),
 (577,'Madhubani','BHAIGHA'),
 (578,'Madhubani','BHAIRABASHTHAN'),
 (579,'Madhubani','BHAIYA'),
 (580,'Madhubani','BHEJA'),
 (581,'Madhubani','BISFI');
INSERT INTO `dist_ps_maping` (`dp_sl`,`dist_name`,`ps_name`) VALUES 
 (582,'Madhubani','BISFI (PATAUNA)'),
 (583,'Madhubani','DEODHA'),
 (584,'Madhubani','GHOGHARDIHA'),
 (585,'Madhubani','GHUTAUNA'),
 (586,'Madhubani','GOVERNMENT OFFICIAL COMP.'),
 (587,'Madhubani','HARIJAN THANA'),
 (588,'Madhubani','HARLAKHI'),
 (589,'Madhubani','JAYNAGAR'),
 (590,'Madhubani','JHANJHARPUR'),
 (591,'Madhubani','KALUAHI'),
 (592,'Madhubani','KHAJAULI'),
 (593,'Madhubani','KHIRHAR'),
 (594,'Madhubani','KHUTAUNA'),
 (595,'Madhubani','KHUTAUNA'),
 (596,'Madhubani','LADANIA'),
 (597,'Madhubani','LAKHNAUR'),
 (598,'Madhubani','LAUKHA'),
 (599,'Madhubani','LAUKHI'),
 (600,'Madhubani','MADHEPUR'),
 (601,'Madhubani','MADHUBANI COMPLAINT CASE'),
 (602,'Madhubani','MADHUBANI GRP CASE'),
 (603,'Madhubani','MADHUBANI TOWN'),
 (604,'Madhubani','MADHWAPUR'),
 (605,'Madhubani','MAHILA P.S.'),
 (606,'Madhubani','MURLIGANJ'),
 (607,'Madhubani','PANDAUL'),
 (608,'Madhubani','PHULPARAS'),
 (609,'Madhubani','PIRPI'),
 (610,'Madhubani','RAHIKA'),
 (611,'Madhubani','RAJNAGAR');
INSERT INTO `dist_ps_maping` (`dp_sl`,`dist_name`,`ps_name`) VALUES 
 (612,'Madhubani','RUDRAPUR'),
 (613,'Madhubani','SAHARGHAT'),
 (614,'Madhubani','SAKRI'),
 (615,'Madhubani','SC/ST'),
 (616,'Madhubani','SESSION TRIAL CASE'),
 (617,'Munger','ASARGANJ'),
 (618,'Munger','BARIYARPUR'),
 (619,'Munger','C.B.I CASE'),
 (620,'Munger','DHARHARA'),
 (621,'Munger','EAST COLONY'),
 (622,'Munger','GANGTA'),
 (623,'Munger','GOVERNMENT OFFICIAL COMP.'),
 (624,'Munger','HALSI'),
 (625,'Munger','HARIHAR'),
 (626,'Munger','HARIZAN'),
 (627,'Munger','HARPUR'),
 (629,'Munger','KASIMBAZAR'),
 (630,'Munger','KHARAGPUR'),
 (631,'Munger','KOTWALI'),
 (632,'Munger','MAHILA'),
 (633,'Munger','MAHILA P.S.'),
 (634,'Munger','MUNGER COMPLAINT CASE'),
 (635,'Munger','MUNGER GRP CASE'),
 (636,'Munger','MUNGER MUFFASIL'),
 (637,'Munger','NAYA RAM NAGAR'),
 (638,'Munger','SANGRAMPUR'),
 (639,'Munger','SESSION TRIAL CASE'),
 (640,'Munger','TARAPUR'),
 (641,'Munger','TAUFIR'),
 (642,'Munger','TOWN P.S.'),
 (643,'Muzaffarpur','AHIAPUR'),
 (644,'Muzaffarpur','AURAI');
INSERT INTO `dist_ps_maping` (`dp_sl`,`dist_name`,`ps_name`) VALUES 
 (645,'Muzaffarpur','BAIRIYA'),
 (646,'Muzaffarpur','BARURAJ'),
 (647,'Muzaffarpur','BELA INDUSTRIAL'),
 (648,'Muzaffarpur','BOCHHA'),
 (649,'Muzaffarpur','BRAHMPURA'),
 (650,'Muzaffarpur','C.B.I CASE'),
 (651,'Muzaffarpur','CHAPRA (R.T)'),
 (652,'Muzaffarpur','DARBHANGA (R.T)'),
 (653,'Muzaffarpur','DEORIYA'),
 (654,'Muzaffarpur','ECONOMIC OFFENCE'),
 (655,'Muzaffarpur','GAYGHAT'),
 (656,'Muzaffarpur','GOVERNMENT OFFICIAL COMP.'),
 (657,'Muzaffarpur','HATHAURI'),
 (658,'Muzaffarpur','JAINTPUR'),
 (659,'Muzaffarpur','KATHAIYA'),
 (660,'Muzaffarpur','KAJI MUHAMMADPUR'),
 (661,'Muzaffarpur','KANTI THARMAL POWER'),
 (662,'Muzaffarpur','KARJA'),
 (663,'Muzaffarpur','KATEYA'),
 (664,'Muzaffarpur','KATRA'),
 (665,'Muzaffarpur','KUDHNI'),
 (666,'Muzaffarpur','MAHILA P.S.'),
 (667,'Muzaffarpur','MANIYARI'),
 (668,'Muzaffarpur','MINAPUR'),
 (669,'Muzaffarpur','MITHANPURA'),
 (670,'Muzaffarpur','MOTIHARI (R.T)'),
 (671,'Muzaffarpur','MOTIPUR'),
 (672,'Muzaffarpur','MUSAHRI');
INSERT INTO `dist_ps_maping` (`dp_sl`,`dist_name`,`ps_name`) VALUES 
 (673,'Muzaffarpur','MUZAFFARPUR (R.T)'),
 (674,'Muzaffarpur','MUZAFFARPUR CITY'),
 (675,'Muzaffarpur','MUZAFFARPUR SADAR'),
 (676,'Muzaffarpur','MUZFFARPUR COMPLAINT CASE'),
 (677,'Muzaffarpur','MUZFFARPUR GRP CASE'),
 (678,'Muzaffarpur','NARKATIAGANJ (R.T)'),
 (679,'Muzaffarpur','PAROO'),
 (680,'Muzaffarpur','PIYAR'),
 (681,'Muzaffarpur','RAXOUL (R.T)'),
 (682,'Muzaffarpur','SAHEBGANJ'),
 (683,'Muzaffarpur','SAKRA'),
 (684,'Muzaffarpur','SAMASTIPUR (R.T)'),
 (685,'Muzaffarpur','SARAIYA'),
 (686,'Muzaffarpur','SC/ST P.S.'),
 (687,'Muzaffarpur','SESSION TRIAL CASE'),
 (688,'Muzaffarpur','SHIWAPATHI'),
 (689,'Muzaffarpur','SIWAN (R.T)'),
 (690,'Muzaffarpur','SONPUR (R.T)'),
 (691,'Muzaffarpur','SUGOULI (R.T)'),
 (692,'Muzaffarpur','TURKI KHARARU'),
 (693,'Muzaffarpur','UNIVERSITY'),
 (694,'Muzaffarpur','UNIVERSITY P.S'),
 (695,'Nalanda','ASHTHWAN'),
 (696,'Nalanda','AUGARI'),
 (697,'Nalanda','BELWANIYA'),
 (698,'Nalanda','BIHARSHARIF'),
 (699,'Nalanda','BIHARSHARIF HARIJAN');
INSERT INTO `dist_ps_maping` (`dp_sl`,`dist_name`,`ps_name`) VALUES 
 (700,'Nalanda','BIND'),
 (701,'Nalanda','C.B.I CASE'),
 (702,'Nalanda','CHANDI'),
 (703,'Nalanda','CHHABILAPUR'),
 (704,'Nalanda','CHIKSAUR'),
 (705,'Nalanda','DEEPNAGAR'),
 (706,'Nalanda','EKANGARSARAI'),
 (707,'Nalanda','GIRIYAK'),
 (708,'Nalanda','GOVERNMENT OFFICIAL COMP.'),
 (709,'Nalanda','HARIJAN PS.'),
 (710,'Nalanda','HARNAUT'),
 (711,'Nalanda','HILSA'),
 (712,'Nalanda','ISLAMPUR'),
 (713,'Nalanda','KARAI PARSURAI'),
 (714,'Nalanda','KATRISARAI'),
 (715,'Nalanda','KHUDAGANJ'),
 (716,'Nalanda','LAHERIMUHALLA'),
 (717,'Nalanda','MAHILA P.S.'),
 (718,'Nalanda','MANPUR'),
 (719,'Nalanda','MURARPUR'),
 (720,'Nalanda','NAGARNAUSA'),
 (721,'Nalanda','NALANDA'),
 (722,'Nalanda','NALANDA COMPLAINT CASE'),
 (723,'Nalanda','NALANDA GRP CASE'),
 (724,'Nalanda','NANAND'),
 (725,'Nalanda','NOORSARAI'),
 (726,'Nalanda','PARWALPUR'),
 (727,'Nalanda','RAHUI'),
 (728,'Nalanda','RAJGIR'),
 (729,'Nalanda','RAJGIR MUFFSIL'),
 (730,'Nalanda','SARE'),
 (731,'Nalanda','SARMERA');
INSERT INTO `dist_ps_maping` (`dp_sl`,`dist_name`,`ps_name`) VALUES 
 (732,'Nalanda','SILAW'),
 (733,'Nalanda','SOHSARAI'),
 (734,'Nalanda','TELHARA'),
 (735,'Nalanda','TELMAR'),
 (736,'Nalanda','THARTHARI'),
 (737,'Nalanda','BEN'),
 (738,'Nawada','AKBARPUR'),
 (739,'Nawada','C.B.I CASE'),
 (740,'Nawada','DHAMOUL'),
 (741,'Nawada','ECONOMIC OFFENCE'),
 (742,'Nawada','GOH'),
 (743,'Nawada','GOVERNMENT OFFICIAL COMP.'),
 (744,'Nawada','GOVINDPUR'),
 (745,'Nawada','HISUA'),
 (746,'Nawada','KASHICHAK'),
 (747,'Nawada','KAUWAKOL'),
 (748,'Nawada','MAHILA P.S.'),
 (749,'Nawada','MESKAUR'),
 (750,'Nawada','NARDIGANJ'),
 (751,'Nawada','NARHAT'),
 (752,'Nawada','NAWADA'),
 (753,'Nawada','NAWADA MUFFASIL'),
 (754,'Nawada','NAWADAH COMPLAINT CASE'),
 (755,'Nawada','NAWADAH GRP CASE'),
 (756,'Nawada','PAKARIBARAW'),
 (757,'Nawada','RAJAULI'),
 (758,'Nawada','ROUH'),
 (759,'Nawada','RUPO'),
 (760,'Nawada','SC/ST P.S.'),
 (761,'Nawada','SESSION TRIAL CASE'),
 (762,'Nawada','SIRDALA'),
 (763,'Nawada','SITAMARHI'),
 (764,'Nawada','THAMAUL');
INSERT INTO `dist_ps_maping` (`dp_sl`,`dist_name`,`ps_name`) VALUES 
 (765,'Nawada','WARSALIGANJ'),
 (766,'Patna','A.T.S'),
 (767,'Patna','AGAMKUAN'),
 (768,'Patna','AIRPORT'),
 (769,'Patna','AKILPUR'),
 (770,'Patna','ALAMGANJ'),
 (771,'Patna','ARA (R.T)'),
 (772,'Patna','ATHMALGOLA'),
 (773,'Patna','BAHADURPUR'),
 (774,'Patna','Bakhtiarpur Rail P.S.'),
 (775,'Patna','Bakhtiarpur/RPF/Post'),
 (776,'Patna','BAKHTIYARPUR'),
 (777,'Patna','BAKHTIYARPUR (R.T)'),
 (778,'Patna','Bankaghat Rail P.P.'),
 (779,'Patna','BARH'),
 (780,'Patna','Barh Rail P.P.'),
 (781,'Patna','BELCHHI'),
 (782,'Patna','BEUR'),
 (783,'Patna','BHADAURA'),
 (784,'Patna','BHAGWANGANJ'),
 (785,'Patna','Biharsharif Rail P.S.'),
 (786,'Patna','BIHTA'),
 (787,'Patna','Bihta Rail P.P.'),
 (788,'Patna','BIKRAM'),
 (789,'Patna','BUDDHACOLONY'),
 (790,'Patna','BUXAR (R.T)'),
 (791,'Patna','BYPASS'),
 (792,'Patna','C.B.I CASE'),
 (793,'Patna','DANAPUR'),
 (794,'Patna','DANAPUR (R.T)'),
 (795,'Patna','Danapur Rail P.S.'),
 (796,'Patna','Danapur RPF/Post'),
 (797,'Patna','DHANARUA');
INSERT INTO `dist_ps_maping` (`dp_sl`,`dist_name`,`ps_name`) VALUES 
 (798,'Patna','DANIYAWA'),
 (799,'Patna','DIDARGANJ'),
 (800,'Patna','DIGHA'),
 (801,'Patna','DOMESTIC VIOLENACE'),
 (802,'Patna','DULHIN BAZAR'),
 (803,'Patna','ECONOMIC OFFENCES'),
 (804,'Patna','FATUHA'),
 (805,'Patna','Fatuha Rail P.P.'),
 (806,'Patna','Fatuha RPF/Post'),
 (807,'Patna','FULWARIYA'),
 (808,'Patna','GANDHIMAIDAN'),
 (809,'Patna','GARDANIBAGH'),
 (810,'Patna','GAURICHAK'),
 (811,'Patna','GAYA (R.T)'),
 (812,'Patna','GHOSBARI'),
 (813,'Patna','GOPALPUR'),
 (814,'Patna','GORICHAK'),
 (815,'Patna','GOVERNMENT OFFICIAL COMP.'),
 (816,'Patna','Guljarbagh Rail P.P.'),
 (817,'Patna','HARIJAN'),
 (818,'Patna','HATHIDAH'),
 (819,'Patna','Hathidah Rail P.P.'),
 (820,'Patna','JAKKANPUR'),
 (821,'Patna','JANIPUR'),
 (822,'Patna','JEHANABAD (R.T)'),
 (823,'Patna','Jehanabad Rail P.S.'),
 (824,'Patna','Jehanabad RPF/Post'),
 (825,'Patna','KADAMKUAN'),
 (826,'Patna','KADIRGANJ'),
 (827,'Patna','KANKARBAGH'),
 (828,'Patna','KHAGAUL'),
 (829,'Patna','KHAJEKALA');
INSERT INTO `dist_ps_maping` (`dp_sl`,`dist_name`,`ps_name`) VALUES 
 (830,'Patna','KHAJEKALLAN'),
 (831,'Patna','KHUSRUPUR'),
 (832,'Patna','KIHIRI MORE'),
 (833,'Patna','KOTWALI'),
 (834,'Patna','MAHILA P.S.'),
 (835,'Patna','MALSALAMI'),
 (836,'Patna','MANER'),
 (837,'Patna','MARANCHI'),
 (838,'Patna','MASAURHI'),
 (839,'Patna','MEHDIGANJ'),
 (840,'Patna','MOKAMA (R.T)'),
 (841,'Patna','Mokama Ral P.S.'),
 (842,'Patna','Mokama RPF/Post'),
 (843,'Patna','MOKAMA'),
 (844,'Patna','MUSALLAHPUR'),
 (845,'Patna','NADI P.S.'),
 (846,'Patna','NAUBATPUR'),
 (847,'Patna','NTPC'),
 (848,'Patna','PACHMAHLA'),
 (849,'Patna','PALIGANJ'),
 (850,'Patna','PANCHRUKHIYA'),
 (851,'Patna','PANDARAK'),
 (852,'Patna','PARSABAZAR'),
 (853,'Patna','PATLIPUTRA'),
 (854,'Patna','Patliputra Rail P.S.'),
 (855,'Patna','Patliputra RPF/Post'),
 (856,'Patna','PATNA CITY CHOWK'),
 (857,'Patna','PATNA COMPLAINT CASE'),
 (858,'Patna','PATNA GRP CASE'),
 (859,'Patna','Patna Jn. RPF/Post'),
 (860,'Patna','PATNA JUNCTION (R.T)'),
 (861,'Patna','Patna Rail P.S.');
INSERT INTO `dist_ps_maping` (`dp_sl`,`dist_name`,`ps_name`) VALUES 
 (862,'Patna','Patna Sahib Rail P.P.'),
 (863,'Patna','PATRAKARNAGAR'),
 (864,'Patna','PHULWARI (SHARIF)'),
 (865,'Patna','PIPRA'),
 (866,'Patna','PIRBAHOR'),
 (867,'Patna','PUNPUN'),
 (868,'Patna','Rajendra Nagar(T) Rail P.P.'),
 (869,'Patna','Rajendra Nagar(T)RPF/Post'),
 (870,'Patna','RAJGIR (R.T)'),
 (871,'Patna','Rajgrih Rail P.P.'),
 (872,'Patna','RAJIVNAGAR'),
 (873,'Patna','RAMKRISHNANAGAR'),
 (874,'Patna','RANIYATALAB'),
 (875,'Patna','RUPASPUR'),
 (876,'Patna','SACHIWALAYA'),
 (877,'Patna','SAHJAHANPUR'),
 (878,'Patna','SAHPUR'),
 (879,'Patna','SAKSOHRA'),
 (880,'Patna','SALIMPUR'),
 (881,'Patna','SASARAM (R.T)'),
 (882,'Patna','SESSION TRIAL CASE'),
 (883,'Patna','SHASTRINAGAR'),
 (884,'Patna','SHRIKRISHNAPURI'),
 (885,'Patna','SIGORI'),
 (886,'Patna','SONNAGAR (R.T)'),
 (887,'Patna','SULTANGANJ'),
 (888,'Patna','Taregna Rail P.P.'),
 (889,'Patna','TRAFFIC'),
 (890,'Patna','VIGILANCE'),
 (891,'Purnia','AMAUR'),
 (892,'Purnia','ANGADH');
INSERT INTO `dist_ps_maping` (`dp_sl`,`dist_name`,`ps_name`) VALUES 
 (893,'Purnia','BANMANKHI'),
 (894,'Purnia','BARHARA'),
 (895,'Purnia','BAUSI'),
 (896,'Purnia','BHARGAMA'),
 (897,'Purnia','BHAWANIPUR'),
 (898,'Purnia','C.B.I CASE'),
 (899,'Purnia','DAGARUA'),
 (900,'Purnia','DHAMDAHA'),
 (901,'Purnia','GOVERNMENT OFFICIAL COMP.'),
 (902,'Purnia','JALALGARH'),
 (903,'Purnia','JALILGARH'),
 (904,'Purnia','JANKINAGAR'),
 (905,'Purnia','KASBA'),
 (906,'Purnia','KHAZANIHAT'),
 (907,'Purnia','KOCHDHAWAN'),
 (908,'Purnia','KRITYANAND NAGAR'),
 (909,'Purnia','MAHILA P.S.'),
 (910,'Purnia','MEERGANJ'),
 (911,'Purnia','MUFFASIL PURNIA'),
 (912,'Purnia','PURNEA SADAR'),
 (913,'Purnia','PURNIA COMPLAINT CASE'),
 (914,'Purnia','PURNIA GRP CASE'),
 (915,'Purnia','RAUTA'),
 (916,'Purnia','ROUTHAK'),
 (917,'Purnia','RUPAULI'),
 (918,'Purnia','SARSI'),
 (919,'Purnia','SATHMI'),
 (920,'Purnia','SC/ST'),
 (921,'Purnia','SESSION TRIAL CASE'),
 (922,'Purnia','THAKUR'),
 (923,'Purnia','TIKAPATTI'),
 (924,'Rohtas','AGRER'),
 (925,'Rohtas','AKHODHIGOLA');
INSERT INTO `dist_ps_maping` (`dp_sl`,`dist_name`,`ps_name`) VALUES 
 (926,'Rohtas','AMARKOTHA'),
 (927,'Rohtas','AMJOR'),
 (928,'Rohtas','BADHAILA'),
 (929,'Rohtas','BARAHRI'),
 (930,'Rohtas','BIKRAMGANJ'),
 (931,'Rohtas','C.B.I CASE'),
 (932,'Rohtas','CHENARI'),
 (933,'Rohtas','CHUTIA SAHAYAK'),
 (934,'Rohtas','DALMIYA NAGAR SAHAYAK'),
 (935,'Rohtas','DARIGAON'),
 (936,'Rohtas','DARIHAT'),
 (937,'Rohtas','DAWATH'),
 (938,'Rohtas','DIHRINAGAR'),
 (939,'Rohtas','DINARA'),
 (940,'Rohtas','GOVERNMENT OFFICIAL COMP.'),
 (941,'Rohtas','HARIJAN'),
 (942,'Rohtas','INDRAPURI'),
 (943,'Rohtas','KACHHAWA'),
 (944,'Rohtas','KAMAU'),
 (945,'Rohtas','KARAGHAR'),
 (946,'Rohtas','KARAKAT'),
 (947,'Rohtas','KOCHAS'),
 (948,'Rohtas','MAHILA P.S.'),
 (949,'Rohtas','NASRIGANJ'),
 (950,'Rohtas','NATWAR'),
 (951,'Rohtas','NAVHATTA'),
 (952,'Rohtas','NOKHA'),
 (953,'Rohtas','RAJPUR'),
 (954,'Rohtas','ROHTAS'),
 (955,'Rohtas','ROHTAS COMPLAINT CASE'),
 (956,'Rohtas','ROHTAS GRP CASE'),
 (957,'Rohtas','SANJHAULI'),
 (958,'Rohtas','SASARAM MUFFSIL');
INSERT INTO `dist_ps_maping` (`dp_sl`,`dist_name`,`ps_name`) VALUES 
 (959,'Rohtas','SASARAM NAGAR'),
 (960,'Rohtas','SESSION TRIAL CASE'),
 (961,'Rohtas','SHIVSAGAR'),
 (962,'Rohtas','SURYAPURA'),
 (963,'Rohtas','TILAUTHU'),
 (964,'Rohtas','VISHRAMPUR'),
 (965,'Saharsa','BAKHTIYARPUR'),
 (966,'Saharsa','BANGAON'),
 (967,'Saharsa','BARAGHI'),
 (968,'Saharsa','BASNAHI'),
 (969,'Saharsa','BHAPTIAHI'),
 (970,'Saharsa','BIHRA'),
 (971,'Saharsa','C.B.I CASE'),
 (972,'Saharsa','GOVERNMENT OFFICIAL COMP.'),
 (973,'Saharsa','JALAI'),
 (974,'Saharsa','MAHESI'),
 (975,'Saharsa','MAHILA P.S.'),
 (976,'Saharsa','NAUHATTA'),
 (977,'Saharsa','SAHARSA (SADAR)'),
 (978,'Saharsa','SAHARSA COMPLAINT CASE'),
 (979,'Saharsa','SAHARSA GRP CASE'),
 (980,'Saharsa','SALKHUA'),
 (981,'Saharsa','SAUR BAZAR'),
 (982,'Saharsa','SC/ST'),
 (983,'Saharsa','SESSION TRIAL CASE'),
 (984,'Saharsa','SONBERSA'),
 (985,'Saharsa','SONBERSA COURT'),
 (986,'Samastipur','ANGARGHAT'),
 (987,'Samastipur','BANGRA'),
 (988,'Samastipur','BIBHUTIPUR'),
 (989,'Samastipur','BITHAN BAZAR');
INSERT INTO `dist_ps_maping` (`dp_sl`,`dist_name`,`ps_name`) VALUES 
 (990,'Samastipur','C.B.I CASE SAMASTIPUR'),
 (991,'Samastipur','CHAKAMHESI'),
 (992,'Samastipur','DALSINGHSARAI'),
 (993,'Samastipur','Darbhanga Rail P.S.'),
 (994,'Samastipur','Darbhanga RPF/Post '),
 (995,'Samastipur','GHATHO'),
 (996,'Samastipur','GOVERNMENT OFFICIAL COMP.'),
 (997,'Samastipur','Hajipur RPF/Post '),
 (998,'Samastipur','HARIJAN THANA'),
 (999,'Samastipur','HASANPUR'),
 (1000,'Samastipur','HATHAURI'),
 (1001,'Samastipur','KALYANPUR'),
 (1002,'Samastipur','KHANPUR'),
 (1003,'Samastipur','MAHILA P.S.'),
 (1004,'Samastipur','MOHIUDDIN NAGAR'),
 (1005,'Samastipur','MUSRIGHARARI'),
 (1006,'Samastipur','Narayanpur Anant RPF/Post'),
 (1007,'Samastipur','NATIONAL HIGHWAY'),
 (1008,'Samastipur','PATORI'),
 (1009,'Samastipur','PUSA'),
 (1010,'Samastipur','ROSERA'),
 (1011,'Samastipur','SAMASTIPUR'),
 (1012,'Samastipur','SAMASTIPUR COMPLAINT CASE'),
 (1013,'Samastipur','SAMASTIPUR GRP CASE'),
 (1014,'Samastipur','SAMASTIPUR MUFFASIL'),
 (1015,'Samastipur','Samastipur Rail P.S.');
INSERT INTO `dist_ps_maping` (`dp_sl`,`dist_name`,`ps_name`) VALUES 
 (1016,'Samastipur','Samastipur RPF/Post'),
 (1017,'Samastipur','SARAI RANJAN'),
 (1018,'Samastipur','SESSION TRIAL CASE'),
 (1019,'Samastipur','SINGHIYA'),
 (1020,'Samastipur','Sitamarhi RPF/Post '),
 (1021,'Samastipur','TAJPUR'),
 (1022,'Samastipur','UJIYARPUR'),
 (1023,'Samastipur','VIBHUTIPUR'),
 (1024,'Samastipur','VIDHAN BAZAR'),
 (1025,'Samastipur','VIDYAPATINAGAR'),
 (1026,'Samastipur','WARISNAGAR'),
 (1027,'Saran','AMNAUR'),
 (1028,'Saran','AWTARNAGAR'),
 (1029,'Saran','BANIAPUR'),
 (1030,'Saran','BHAGWAN BAZAR'),
 (1031,'Saran','BHELDI'),
 (1032,'Saran','C.B.I CASE'),
 (1033,'Saran','CHAPRA CITY'),
 (1034,'Saran','Chapra Kachari Rail P.S.'),
 (1035,'Saran','CHAPRA MUFFASIL'),
 (1036,'Saran','Chapra Rail P.S.'),
 (1037,'Saran','Chapra RPF/Post'),
 (1038,'Saran','DARIYAPUR'),
 (1039,'Saran','DAUDPUR'),
 (1040,'Saran','DERNI'),
 (1041,'Saran','DIGHWARA'),
 (1042,'Saran','DORIGANJ'),
 (1043,'Saran','EKMA'),
 (1044,'Saran','GARKHA'),
 (1045,'Saran','GOVERNMENT OFFICIAL COMP.');
INSERT INTO `dist_ps_maping` (`dp_sl`,`dist_name`,`ps_name`) VALUES 
 (1046,'Saran','Hajipur Rail P.S.'),
 (1047,'Saran','Hajipur RPF/Post '),
 (1048,'Saran','HALDI'),
 (1049,'Saran','ISUAPUR'),
 (1050,'Saran','JALALPUR'),
 (1051,'Saran','JANTA BAZAR'),
 (1052,'Saran','KHAIRA'),
 (1053,'Saran','KOPA'),
 (1054,'Saran','MAHILA P.S.'),
 (1055,'Saran','MAKER'),
 (1056,'Saran','MANJHI'),
 (1057,'Saran','MARHAURA'),
 (1058,'Saran','MARWAH'),
 (1059,'Saran','MASRAKH'),
 (1060,'Saran','Muzaffarpur Rail P.S.'),
 (1061,'Saran','Muzaffarpur RPF/Post'),
 (1062,'Saran','Narayanpur Anant RPF/Post'),
 (1063,'Saran','NAYAGAON'),
 (1064,'Saran','PANAPUR'),
 (1065,'Saran','PARSA'),
 (1066,'Saran','RANIGANJJ'),
 (1067,'Saran','RASULPUR'),
 (1068,'Saran','RIVILGANJ'),
 (1069,'Saran','SAHAJITPUR'),
 (1070,'Saran','SARAN COMPLAINT CASE'),
 (1071,'Saran','SARAN GRP CASE'),
 (1072,'Saran','SC/ST P.S.'),
 (1073,'Saran','SESSION TRIAL CASE'),
 (1074,'Saran','Siwan PRF/Post'),
 (1075,'Saran','Siwan Rail P.S.'),
 (1076,'Saran','SONEPUR');
INSERT INTO `dist_ps_maping` (`dp_sl`,`dist_name`,`ps_name`) VALUES 
 (1077,'Saran','Sonpur Rail P.S.'),
 (1078,'Saran','Sonpur RPF/Post'),
 (1079,'Saran','TARAIYA'),
 (1080,'Saran','TEDHNI'),
 (1081,'Saran','Thawe Rail P.S.'),
 (1082,'Saran','Thawe RPF/Post'),
 (1083,'Sheikhpura','ARIYARI'),
 (1084,'Sheikhpura','BAITHPA'),
 (1085,'Sheikhpura','BARBIGHA'),
 (1086,'Sheikhpura','CHEWRA'),
 (1087,'Sheikhpura','GOVT. OFFICIAL COMPLAINT CASE'),
 (1088,'Sheikhpura','JAYRAMPUR'),
 (1089,'Sheikhpura','KARENDE'),
 (1090,'Sheikhpura','KORMA'),
 (1091,'Sheikhpura','MAHILA P.S.'),
 (1092,'Sheikhpura','MANPUR'),
 (1093,'Sheikhpura','MEHUS'),
 (1094,'Sheikhpura','SC/ST'),
 (1095,'Sheikhpura','SHEIKHOPUR SARAI'),
 (1096,'Sheikhpura','SHEKHPURA'),
 (1097,'Sheikhpura','SHEKHPURA COMPLAINT CASE'),
 (1098,'Sheikhpura','SHEKHPURA GRP CASE'),
 (1099,'Sheohar','C.B.I CASE'),
 (1100,'Sheohar','COMPLAINT CASE'),
 (1101,'Sheohar','GOVERNMENT OFFICIAL COMP.'),
 (1102,'Sheohar','MAHILA P.S.'),
 (1103,'Sheohar','PIPRAHI'),
 (1104,'Sheohar','PURANHIA');
INSERT INTO `dist_ps_maping` (`dp_sl`,`dist_name`,`ps_name`) VALUES 
 (1105,'Sheohar','SC/ST'),
 (1106,'Sheohar','SESSION TRIAL CASE'),
 (1107,'Sheohar','SHEOHAR'),
 (1108,'Sheohar','SHYAMPUR BHATHA'),
 (1109,'Sheohar','TARIYANI CHOWK'),
 (1110,'Sitamarhi','BAJPATTI'),
 (1111,'Sitamarhi','BARGANIA'),
 (1112,'Sitamarhi','BATHNAHA'),
 (1113,'Sitamarhi','BELA'),
 (1114,'Sitamarhi','BELSAND'),
 (1115,'Sitamarhi','C.B.I CASE'),
 (1116,'Sitamarhi','DUMRA'),
 (1117,'Sitamarhi','GOVERNMENT OFFICIAL COMP.'),
 (1118,'Sitamarhi','KANHAULI'),
 (1119,'Sitamarhi','MAHILA P.S.'),
 (1120,'Sitamarhi','MAJORGANJ'),
 (1121,'Sitamarhi','NANHPUR'),
 (1122,'Sitamarhi','PARIHAR'),
 (1123,'Sitamarhi','PARSAUNI'),
 (1124,'Sitamarhi','PIPARAHI'),
 (1125,'Sitamarhi','PUPRI'),
 (1126,'Sitamarhi','RIGA'),
 (1127,'Sitamarhi','RUNISAIDPUR'),
 (1128,'Sitamarhi','SAHIYARA'),
 (1129,'Sitamarhi','SC/ST'),
 (1130,'Sitamarhi','SESSION TRIAL CASE'),
 (1131,'Sitamarhi','SITAMARHI'),
 (1132,'Sitamarhi','SITAMARHI COMPLAINT CASE'),
 (1133,'Sitamarhi','SITAMARHI GRP CASE');
INSERT INTO `dist_ps_maping` (`dp_sl`,`dist_name`,`ps_name`) VALUES 
 (1134,'Sitamarhi','SONBERSA'),
 (1135,'Sitamarhi','SURSAND'),
 (1136,'Sitamarhi','VARACHATTI'),
 (1137,'Siwan','AMAW'),
 (1138,'Siwan','ANDER'),
 (1139,'Siwan','ASAWAN'),
 (1140,'Siwan','BARHARIA'),
 (1141,'Siwan','BASANTPUR'),
 (1142,'Siwan','BHANGWANPUR HAT'),
 (1143,'Siwan','C.B.I CASE'),
 (1144,'Siwan','DARAUNDHA'),
 (1145,'Siwan','DURAULI'),
 (1146,'Siwan','GAUTAMBUDHNAGAR'),
 (1147,'Siwan','GORIAKOTHI'),
 (1148,'Siwan','GOVERNMENT OFFICIAL COMP.'),
 (1149,'Siwan','GUTHNI'),
 (1150,'Siwan','HUSAINGANJ'),
 (1151,'Siwan','JAMOBAZAR'),
 (1152,'Siwan','JIRADEI'),
 (1153,'Siwan','MAHARAJGANJ'),
 (1154,'Siwan','MAHILA P.S.'),
 (1155,'Siwan','MAIRWA'),
 (1156,'Siwan','MAJRULHAQUE NAGAR'),
 (1157,'Siwan','NAUTAN'),
 (1158,'Siwan','NISAN'),
 (1159,'Siwan','PANCHRUKHI'),
 (1160,'Siwan','RAGHUNATHPUR'),
 (1161,'Siwan','SC ST P.S.'),
 (1162,'Siwan','SESSION TRIAL CASE'),
 (1163,'Siwan','SISWAN'),
 (1164,'Siwan','SIWAN CITY'),
 (1165,'Siwan','SIWAN COMPLAINT CASE');
INSERT INTO `dist_ps_maping` (`dp_sl`,`dist_name`,`ps_name`) VALUES 
 (1166,'Siwan','SIWAN GRP CASE'),
 (1167,'Siwan','SIWAN MUFFASIL'),
 (1168,'Supaul','BALUA BAZAR'),
 (1169,'Supaul','BHAPATIYAHI'),
 (1170,'Supaul','BHIMPURA'),
 (1171,'Supaul','BIRPUR'),
 (1172,'Supaul','C.B.I CASE'),
 (1173,'Supaul','CHHATAPUR'),
 (1174,'Supaul','COMPLAINT CASE'),
 (1175,'Supaul','GOVERNMENT OFFICIAL COMP.'),
 (1176,'Supaul','JADIA'),
 (1177,'Supaul','KARJAIN'),
 (1178,'Supaul','KISHANPUR'),
 (1179,'Supaul','KUMAULI'),
 (1180,'Supaul','KUNAULI'),
 (1181,'Supaul','MAHILA P.S'),
 (1182,'Supaul','MARAUNA'),
 (1183,'Supaul','NIRMALI'),
 (1184,'Supaul','PIPRA'),
 (1185,'Supaul','PRATAPGANJ'),
 (1186,'Supaul','RAGHOPUR'),
 (1187,'Supaul','RATANPURA'),
 (1188,'Supaul','SC/ST PS'),
 (1189,'Supaul','SESSION TRIAL CASE'),
 (1190,'Supaul','SUPAUL'),
 (1191,'Supaul','TRIVENIGANJ'),
 (1192,'Vaishali','BALIGAON'),
 (1193,'Vaishali','BHAGWANPUR'),
 (1194,'Vaishali','BIDUPUR'),
 (1195,'Vaishali','C.B.I CASE'),
 (1196,'Vaishali','DESARI'),
 (1197,'Vaishali','GANGABRIDGE');
INSERT INTO `dist_ps_maping` (`dp_sl`,`dist_name`,`ps_name`) VALUES 
 (1198,'Vaishali','GARAUL'),
 (1199,'Vaishali','GOVERNMENT OFFICIAL COMP.'),
 (1200,'Vaishali','HAJIPUR'),
 (1201,'Vaishali','HAJIPUR SADAR'),
 (1202,'Vaishali','HAZIPUR INDUSTRIAL'),
 (1203,'Vaishali','JANDAHA'),
 (1204,'Vaishali','JURAWNPUR'),
 (1205,'Vaishali','KATRAHA'),
 (1206,'Vaishali','LALGANJ'),
 (1207,'Vaishali','MAHILA P.S.'),
 (1208,'Vaishali','MAHNAR'),
 (1209,'Vaishali','MAHUA'),
 (1210,'Vaishali','PATEPUR'),
 (1211,'Vaishali','RAGHOPUR'),
 (1212,'Vaishali','RAJAPAKAR'),
 (1213,'Vaishali','SARAI'),
 (1214,'Vaishali','SC/ST PS'),
 (1215,'Vaishali','SESSION TRIAL CASE'),
 (1216,'Vaishali','TISIAUTA'),
 (1217,'Vaishali','VAISALI COMPLAINT CASE'),
 (1219,'Vaishali','VAISHALI'),
 (1220,'West Champaran','BAGHA'),
 (1221,'West Champaran','BAIRIYA'),
 (1222,'West Champaran','BATHWARIA'),
 (1223,'West Champaran','BELCHAR'),
 (1224,'West Champaran','BETTIAH CITY'),
 (1225,'West Champaran','BHAGHA'),
 (1226,'West Champaran','BHAIROGANJ'),
 (1227,'West Champaran','C.B.I CASE');
INSERT INTO `dist_ps_maping` (`dp_sl`,`dist_name`,`ps_name`) VALUES 
 (1228,'West Champaran','CHANPATIA'),
 (1229,'West Champaran','CHOUTARWA'),
 (1230,'West Champaran','DHAMHA'),
 (1231,'West Champaran','DHANAHA'),
 (1232,'West Champaran','GAUNAHA'),
 (1233,'West Champaran','GOBARDHANA'),
 (1234,'West Champaran','GOBARHIA'),
 (1235,'West Champaran','GOPALPUR'),
 (1236,'West Champaran','GOVERNMENT OFFICIAL COMP.'),
 (1237,'West Champaran','INARWA'),
 (1238,'West Champaran','JOGAPATTI'),
 (1239,'West Champaran','KANGALI'),
 (1240,'West Champaran','LAUKARIA'),
 (1241,'West Champaran','LAURIYA'),
 (1242,'West Champaran','MAHILA P.S'),
 (1243,'West Champaran','MAHILA P.S BAGHA'),
 (1244,'West Champaran','MAINATAND'),
 (1245,'West Champaran','MAJHAULIA'),
 (1246,'West Champaran','MANPUR'),
 (1247,'West Champaran','MATIARIA'),
 (1248,'West Champaran','Motihari Rail P.S.'),
 (1249,'West Champaran','Motihari RPF/Post'),
 (1250,'West Champaran','MUFFASIL'),
 (1251,'West Champaran','NADI NAINAHA'),
 (1252,'West Champaran','Narkatiyaganj Rail P.S.');
INSERT INTO `dist_ps_maping` (`dp_sl`,`dist_name`,`ps_name`) VALUES 
 (1253,'West Champaran','Narkatiyaganj RPF/Post'),
 (1254,'West Champaran','NAURANGIA'),
 (1255,'West Champaran','NAUTAN'),
 (1256,'West Champaran','PIPRASI'),
 (1257,'West Champaran','PURUSHOTTAMPUR'),
 (1258,'West Champaran','RAMNAGAR'),
 (1259,'West Champaran','Raxaul Rail P.S.'),
 (1260,'West Champaran','Raxaul RPF/Post'),
 (1261,'West Champaran','SAGAULI'),
 (1262,'West Champaran','SAHODARA'),
 (1263,'West Champaran','SANICHARI'),
 (1264,'West Champaran','SATHI'),
 (1265,'West Champaran','SC/ST BAGHA'),
 (1266,'West Champaran','SESSION TRIAL CASE'),
 (1267,'West Champaran','SIKARPUR'),
 (1268,'West Champaran','SIKTA'),
 (1269,'West Champaran','SIMRA'),
 (1270,'West Champaran','SRINAGAR'),
 (1271,'West Champaran','SUBHADRA'),
 (1272,'West Champaran','Sugauli Rail P.S.'),
 (1273,'West Champaran','THAKRAHA'),
 (1274,'West Champaran','VALMIKINAGAR'),
 (1275,'West Champaran','WEST CHAMPARAN COMPLAINT'),
 (1276,'Araria','N/A'),
 (1277,'Aurangabad','N/A');
INSERT INTO `dist_ps_maping` (`dp_sl`,`dist_name`,`ps_name`) VALUES 
 (1278,'Banka','N/A'),
 (1279,'Begusarai','N/A'),
 (1280,'Bachhwara','N/A'),
 (1281,'Garahara','N/A'),
 (1282,'Bhagalpur','N/A'),
 (1283,'Bhojpur','N/A'),
 (1284,'Buxar','N/A'),
 (1285,'Darbhanga','N/A'),
 (1286,'East Champaran','N/A'),
 (1287,'Gaya','N/A'),
 (1288,'Gopalganj','N/A'),
 (1289,'Jamui','N/A'),
 (1290,'Jehanabad','N/A'),
 (1291,'Kaimur (Bhabua)','N/A'),
 (1292,'Katihar','N/A'),
 (1293,'Khagaria','N/A'),
 (1294,'Kishanganj','N/A'),
 (1295,'Lakhisarai*','N/A'),
 (1296,'Madhepura','N/A'),
 (1297,'Madhubani','N/A'),
 (1298,'Munger','N/A'),
 (1299,'Muzaffarpur','N/A'),
 (1300,'Nalanda','N/A'),
 (1301,'Nawada','N/A'),
 (1302,'Patna','N/A'),
 (1303,'Purnia','N/A'),
 (1304,'Rohtas','N/A'),
 (1305,'Saharsa','N/A'),
 (1306,'Samastipur','N/A'),
 (1307,'Saran','N/A'),
 (1308,'Sheikhpura','N/A'),
 (1309,'Sheohar','N/A'),
 (1310,'Sitamarhi','N/A'),
 (1311,'Siwan','N/A'),
 (1312,'Supaul','N/A'),
 (1313,'Vaishali','N/A'),
 (1314,'West Champaran','N/A');
INSERT INTO `dist_ps_maping` (`dp_sl`,`dist_name`,`ps_name`) VALUES 
 (1315,'Aurangabad','Aurangabad'),
 (1316,'Patna','Nigranee'),
 (1317,'Munger','Jamalpur'),
 (1318,'Arawal','N/A'),
 (1319,'Arawal','Kurtha'),
 (1320,'Khagaria','Chitragupta Nagar'),
 (1321,'Nalanda','BIHARSHARIF RAIL POLICE'),
 (1322,'Arawal','Arawal'),
 (1323,'Saharsa','Saharsa'),
 (1324,'Nalanda','Ben'),
 (1325,'Purnia','Jogbani '),
 (1326,'Gaya','Konch'),
 (1327,'Begusarai','ST/SC'),
 (1328,'Munger','SC/ST'),
 (1329,'Arawal','Mahila '),
 (1330,'Arawal','KARPI'),
 (1331,'Arawal','KALER'),
 (1332,'Banka','Suiya'),
 (1333,'Arawal','Mehandia'),
 (1334,'Arawal','Rampur Chauray'),
 (1335,'Darbhanga','Darbhanga Town'),
 (1336,'Katihar','Kadwa'),
 (1337,'Arawal','Parasi'),
 (1338,'Muzaffarpur','Gayghat'),
 (1339,'Muzaffarpur','Vigilance'),
 (1340,'Arawal','Kinjar'),
 (1341,'Saran','Chhapra Muffasil'),
 (1342,'Araria','Bausi'),
 (1343,'Purnia','Baisi'),
 (1344,'Sheohar','SHYAMPUR BHATHA'),
 (1345,'Arawal','RAMPUR CHAURAM'),
 (1346,'West Champaran','SUGAULI');
INSERT INTO `dist_ps_maping` (`dp_sl`,`dist_name`,`ps_name`) VALUES 
 (1347,'Arawal','ST/SC'),
 (1348,'Rohtas','SC/ST'),
 (1349,'West Champaran','Yogapatti '),
 (1350,'Gaya','Nigrani'),
 (1351,'Sitamarhi','Tariyani'),
 (1352,'Purnia','BATHNAHA'),
 (1353,'Madhubani','MADHWAPUR'),
 (1354,'Muzaffarpur','TARIYANI'),
 (1355,'Nalanda','AUNGARI'),
 (1356,'Begusarai','Chandpura'),
 (1357,'Rohtas','DEHRI'),
 (1358,'Siwan','BHAGWANPUR'),
 (1359,'Muzaffarpur','KURHANI'),
 (1360,'Bhagalpur','Dhoraiya '),
 (1361,'Bhojpur','Gajrajganj'),
 (1362,'Jamui','GIDDHAUR'),
 (1363,'Bhagalpur','Tilkamanjhi'),
 (1364,'Kaimur (Bhabua)','Adhaura'),
 (1365,'Begusarai','Chariyabariarpur'),
 (1366,'Patna','Krishnanagar'),
 (1367,'Jehanabad','RAMPUR CHAURAM'),
 (1368,'Rohtas','Chutia'),
 (1369,'Munger','H Kharagpur'),
 (1370,'Begusarai','Barauni Rail P.S'),
 (1371,'Begusarai','Bachwara Rail P.S'),
 (1372,'Gaya','Kothi'),
 (1373,'Katihar','KORHA'),
 (1374,'Buxar','DHANSOI'),
 (1375,'Rohtas','SASARAM RAIL P.S.');
/*!40000 ALTER TABLE `dist_ps_maping` ENABLE KEYS */;


--
-- Table structure for table `filetracking`.`file_batch_details`
--

DROP TABLE IF EXISTS `file_batch_details`;
CREATE TABLE `file_batch_details` (
  `fbd_sl` int(11) NOT NULL,
  `fbd_fbm_sl` int(11) NOT NULL,
  `fbd_fm_sl` int(11) NOT NULL,
  `fbd_creation_date` datetime NOT NULL,
  `fbd_um_sl` int(9) NOT NULL,
  `fbd_status` varchar(255) NOT NULL,
  PRIMARY KEY (`fbd_sl`),
  KEY `fbd_fm_sl` (`fbd_fm_sl`),
  KEY `fbd_fbm_sl` (`fbd_fbm_sl`),
  KEY `fbd_fbm_sl_2` (`fbd_fbm_sl`)
) ENGINE=InnoDB DEFAULT CHARSET=latin1;

--
-- Dumping data for table `filetracking`.`file_batch_details`
--

/*!40000 ALTER TABLE `file_batch_details` DISABLE KEYS */;
INSERT INTO `file_batch_details` (`fbd_sl`,`fbd_fbm_sl`,`fbd_fm_sl`,`fbd_creation_date`,`fbd_um_sl`,`fbd_status`) VALUES 
 (1,1,1,'2019-10-11 13:50:51',9,'0'),
 (2,1,2,'2019-10-11 13:50:51',9,'0'),
 (3,2,3,'2019-10-11 14:03:36',9,'0'),
 (4,2,4,'2019-10-11 14:03:36',9,'0'),
 (5,3,5,'2019-10-13 13:12:40',9,'0'),
 (6,3,6,'2019-10-13 13:12:40',9,'0');
/*!40000 ALTER TABLE `file_batch_details` ENABLE KEYS */;


--
-- Table structure for table `filetracking`.`file_batch_master`
--

DROP TABLE IF EXISTS `file_batch_master`;
CREATE TABLE `file_batch_master` (
  `fbm_sl` int(11) NOT NULL,
  `fbm_number` varchar(100) NOT NULL,
  `fbm_creation_date` datetime NOT NULL,
  `fbm_um_sl` int(10) NOT NULL,
  `fbm_dispatch_date` datetime NOT NULL,
  `fmb_remarks` varchar(255) NOT NULL,
  `fmb_received_by_um_sl` int(11) NOT NULL,
  PRIMARY KEY (`fbm_sl`),
  KEY `fbm_dispatch_date` (`fbm_dispatch_date`)
) ENGINE=InnoDB DEFAULT CHARSET=latin1;

--
-- Dumping data for table `filetracking`.`file_batch_master`
--

/*!40000 ALTER TABLE `file_batch_master` DISABLE KEYS */;
INSERT INTO `file_batch_master` (`fbm_sl`,`fbm_number`,`fbm_creation_date`,`fbm_um_sl`,`fbm_dispatch_date`,`fmb_remarks`,`fmb_received_by_um_sl`) VALUES 
 (1,'20058080(cv)','2019-10-11 13:50:51',9,'0000-00-00 00:00:00','',0),
 (2,'20158081(CV)','2019-10-11 14:03:36',9,'0000-00-00 00:00:00','',0),
 (3,'20140001(CV)','2019-10-13 13:12:40',9,'0000-00-00 00:00:00','',0);
/*!40000 ALTER TABLE `file_batch_master` ENABLE KEYS */;


--
-- Table structure for table `filetracking`.`file_master`
--

DROP TABLE IF EXISTS `file_master`;
CREATE TABLE `file_master` (
  `fm_sl` int(11) NOT NULL AUTO_INCREMENT,
  `fm_barcode` varchar(100) NOT NULL,
  `fm_number` varchar(100) NOT NULL,
  `fm_page_count` int(11) NOT NULL,
  `fm_page_to_scan` int(11) NOT NULL,
  `fm_case_year` varchar(100) NOT NULL,
  `fm_special_remarks` varchar(255) NOT NULL,
  `fm_creation_date` datetime NOT NULL,
  `fm_isactive` tinyint(1) NOT NULL,
  `fm_um_sl` int(11) NOT NULL,
  `fm_ctm_sl` int(11) NOT NULL,
  `fm_cnm_sl` int(11) NOT NULL,
  PRIMARY KEY (`fm_sl`),
  KEY `fm_barcode` (`fm_barcode`)
) ENGINE=InnoDB AUTO_INCREMENT=7 DEFAULT CHARSET=latin1;

--
-- Dumping data for table `filetracking`.`file_master`
--

/*!40000 ALTER TABLE `file_master` DISABLE KEYS */;
INSERT INTO `file_master` (`fm_sl`,`fm_barcode`,`fm_number`,`fm_page_count`,`fm_page_to_scan`,`fm_case_year`,`fm_special_remarks`,`fm_creation_date`,`fm_isactive`,`fm_um_sl`,`fm_ctm_sl`,`fm_cnm_sl`) VALUES 
 (1,'1500006666','36',11,11,'2011','','2019-10-11 13:49:09',1,9,1,2),
 (2,'1500006667','2379',11,11,'2011','','2019-10-11 13:50:04',1,9,1,1),
 (3,'1500007777','2043',12,12,'2014','','2019-10-11 14:02:23',1,9,1,12),
 (4,'1500007778','1023',23,23,'2015','','2019-10-11 14:02:52',1,9,1,15),
 (5,'1500001111','1090',11,11,'2014','','2019-10-13 13:11:49',1,9,1,8),
 (6,'1500001110','1099',11,11,'2014','','2019-10-13 13:12:21',1,9,1,11);
/*!40000 ALTER TABLE `file_master` ENABLE KEYS */;


--
-- Table structure for table `filetracking`.`file_movement_details`
--

DROP TABLE IF EXISTS `file_movement_details`;
CREATE TABLE `file_movement_details` (
  `fmd_sl` int(11) NOT NULL,
  `fmd_fm_sl` int(11) NOT NULL,
  `fmd_um_sl` int(11) NOT NULL,
  `fmd_mm_sl` int(11) NOT NULL,
  `fmd_in_date` datetime NOT NULL,
  `fmd_isactive` tinyint(1) NOT NULL,
  `fmd_is_csv_genereted` tinyint(1) DEFAULT NULL,
  `fmd_scanner_type` varchar(255) DEFAULT NULL,
  `fmd_no_of_pages_to_scan` int(11) DEFAULT NULL,
  `fmd_no_of_pages_scanned` int(11) DEFAULT NULL,
  `fmd_image_quality` varchar(255) DEFAULT NULL,
  `fm_scanning_status` tinyint(1) DEFAULT NULL,
  `fm_qced_status` tinyint(1) DEFAULT NULL,
  `fmd_data_entry` varchar(255) DEFAULT NULL,
  `fmd_accepted_rejected` varchar(255) DEFAULT NULL,
  `fmd_remarks` varchar(255) DEFAULT NULL,
  `fmd_recd_um_sl` int(11) DEFAULT NULL,
  `fmd_recd_page_count` int(11) DEFAULT NULL,
  PRIMARY KEY (`fmd_sl`),
  KEY `idx_fmsl_isactive` (`fmd_fm_sl`,`fmd_isactive`)
) ENGINE=InnoDB DEFAULT CHARSET=latin1;

--
-- Dumping data for table `filetracking`.`file_movement_details`
--

/*!40000 ALTER TABLE `file_movement_details` DISABLE KEYS */;
INSERT INTO `file_movement_details` (`fmd_sl`,`fmd_fm_sl`,`fmd_um_sl`,`fmd_mm_sl`,`fmd_in_date`,`fmd_isactive`,`fmd_is_csv_genereted`,`fmd_scanner_type`,`fmd_no_of_pages_to_scan`,`fmd_no_of_pages_scanned`,`fmd_image_quality`,`fm_scanning_status`,`fm_qced_status`,`fmd_data_entry`,`fmd_accepted_rejected`,`fmd_remarks`,`fmd_recd_um_sl`,`fmd_recd_page_count`) VALUES 
 (1,1,9,1,'2019-10-11 13:49:11',0,NULL,NULL,NULL,NULL,NULL,NULL,NULL,NULL,NULL,NULL,NULL,NULL),
 (2,2,9,1,'2019-10-11 13:50:04',0,NULL,NULL,NULL,NULL,NULL,NULL,NULL,NULL,NULL,NULL,NULL,NULL),
 (3,1,9,2,'2019-10-11 13:50:51',0,NULL,NULL,NULL,NULL,NULL,NULL,NULL,NULL,NULL,NULL,NULL,NULL),
 (4,2,9,2,'2019-10-11 13:50:52',0,NULL,NULL,NULL,NULL,NULL,NULL,NULL,NULL,NULL,NULL,NULL,NULL),
 (5,1,9,4,'2019-10-11 13:51:18',0,NULL,NULL,NULL,NULL,NULL,NULL,NULL,NULL,NULL,NULL,NULL,NULL),
 (6,2,9,4,'2019-10-11 13:51:24',1,NULL,NULL,NULL,NULL,NULL,NULL,NULL,NULL,NULL,NULL,NULL,NULL),
 (7,1,9,5,'2019-10-11 13:53:25',0,NULL,NULL,NULL,NULL,NULL,NULL,NULL,NULL,NULL,NULL,NULL,NULL),
 (8,1,9,8,'2019-10-11 13:54:50',0,NULL,NULL,NULL,NULL,NULL,NULL,NULL,NULL,NULL,NULL,NULL,NULL);
INSERT INTO `file_movement_details` (`fmd_sl`,`fmd_fm_sl`,`fmd_um_sl`,`fmd_mm_sl`,`fmd_in_date`,`fmd_isactive`,`fmd_is_csv_genereted`,`fmd_scanner_type`,`fmd_no_of_pages_to_scan`,`fmd_no_of_pages_scanned`,`fmd_image_quality`,`fm_scanning_status`,`fm_qced_status`,`fmd_data_entry`,`fmd_accepted_rejected`,`fmd_remarks`,`fmd_recd_um_sl`,`fmd_recd_page_count`) VALUES 
 (9,1,9,9,'2019-10-11 13:54:50',0,NULL,'',0,0,'',0,NULL,NULL,NULL,'',NULL,NULL),
 (10,1,9,10,'2019-10-11 13:54:50',0,NULL,NULL,NULL,NULL,NULL,NULL,NULL,NULL,NULL,NULL,NULL,NULL),
 (11,1,9,11,'2019-10-11 13:55:34',0,NULL,NULL,NULL,11,NULL,NULL,0,NULL,'Accepted','',NULL,NULL),
 (12,1,9,12,'2019-10-11 13:55:41',0,NULL,NULL,NULL,NULL,NULL,NULL,NULL,NULL,NULL,NULL,NULL,NULL),
 (13,1,9,13,'2019-10-11 13:55:58',1,NULL,NULL,NULL,NULL,NULL,NULL,0,NULL,'Accepted','',NULL,NULL),
 (14,3,9,1,'2019-10-11 14:02:23',0,NULL,NULL,NULL,NULL,NULL,NULL,NULL,NULL,NULL,NULL,NULL,NULL),
 (15,4,9,1,'2019-10-11 14:02:52',0,NULL,NULL,NULL,NULL,NULL,NULL,NULL,NULL,NULL,NULL,NULL,NULL),
 (16,3,9,2,'2019-10-11 14:03:36',0,NULL,NULL,NULL,NULL,NULL,NULL,NULL,NULL,NULL,NULL,NULL,NULL);
INSERT INTO `file_movement_details` (`fmd_sl`,`fmd_fm_sl`,`fmd_um_sl`,`fmd_mm_sl`,`fmd_in_date`,`fmd_isactive`,`fmd_is_csv_genereted`,`fmd_scanner_type`,`fmd_no_of_pages_to_scan`,`fmd_no_of_pages_scanned`,`fmd_image_quality`,`fm_scanning_status`,`fm_qced_status`,`fmd_data_entry`,`fmd_accepted_rejected`,`fmd_remarks`,`fmd_recd_um_sl`,`fmd_recd_page_count`) VALUES 
 (17,4,9,2,'2019-10-11 14:03:37',1,NULL,NULL,NULL,NULL,NULL,NULL,NULL,NULL,NULL,NULL,NULL,NULL),
 (18,3,9,4,'2019-10-11 14:03:58',0,NULL,NULL,NULL,NULL,NULL,NULL,NULL,NULL,NULL,NULL,NULL,NULL),
 (19,3,9,5,'2019-10-11 14:05:27',0,NULL,NULL,NULL,NULL,NULL,NULL,NULL,NULL,NULL,NULL,NULL,NULL),
 (20,3,9,8,'2019-10-11 14:05:38',0,NULL,NULL,NULL,NULL,NULL,NULL,NULL,NULL,NULL,NULL,NULL,NULL),
 (21,3,9,9,'2019-10-11 14:05:38',0,NULL,'',0,0,'',0,NULL,NULL,NULL,'',NULL,NULL),
 (22,3,9,10,'2019-10-11 14:05:38',0,NULL,NULL,NULL,NULL,NULL,NULL,NULL,NULL,NULL,NULL,NULL,NULL),
 (23,3,9,11,'2019-10-11 14:07:18',0,NULL,NULL,NULL,12,NULL,NULL,0,NULL,'Accepted','',NULL,NULL),
 (24,3,9,12,'2019-10-11 14:07:35',0,NULL,NULL,NULL,NULL,NULL,NULL,NULL,NULL,NULL,NULL,NULL,NULL);
INSERT INTO `file_movement_details` (`fmd_sl`,`fmd_fm_sl`,`fmd_um_sl`,`fmd_mm_sl`,`fmd_in_date`,`fmd_isactive`,`fmd_is_csv_genereted`,`fmd_scanner_type`,`fmd_no_of_pages_to_scan`,`fmd_no_of_pages_scanned`,`fmd_image_quality`,`fm_scanning_status`,`fm_qced_status`,`fmd_data_entry`,`fmd_accepted_rejected`,`fmd_remarks`,`fmd_recd_um_sl`,`fmd_recd_page_count`) VALUES 
 (25,3,9,13,'2019-10-11 14:08:02',1,NULL,NULL,NULL,NULL,NULL,NULL,0,NULL,'Accepted','',NULL,NULL),
 (26,5,9,1,'2019-10-13 13:11:49',0,NULL,NULL,NULL,NULL,NULL,NULL,NULL,NULL,NULL,NULL,NULL,NULL),
 (27,6,9,1,'2019-10-13 13:12:21',0,NULL,NULL,NULL,NULL,NULL,NULL,NULL,NULL,NULL,NULL,NULL,NULL),
 (28,5,9,2,'2019-10-13 13:12:40',0,NULL,NULL,NULL,NULL,NULL,NULL,NULL,NULL,NULL,NULL,NULL,NULL),
 (29,6,9,2,'2019-10-13 13:12:40',0,NULL,NULL,NULL,NULL,NULL,NULL,NULL,NULL,NULL,NULL,NULL,NULL),
 (30,5,9,4,'2019-10-13 13:14:21',0,NULL,NULL,NULL,NULL,NULL,NULL,NULL,NULL,NULL,NULL,NULL,NULL),
 (31,6,9,4,'2019-10-13 13:14:32',1,NULL,NULL,NULL,NULL,NULL,NULL,NULL,NULL,NULL,NULL,NULL,NULL),
 (32,5,9,5,'2019-10-13 13:17:56',0,NULL,NULL,NULL,NULL,NULL,NULL,NULL,NULL,NULL,NULL,NULL,NULL);
INSERT INTO `file_movement_details` (`fmd_sl`,`fmd_fm_sl`,`fmd_um_sl`,`fmd_mm_sl`,`fmd_in_date`,`fmd_isactive`,`fmd_is_csv_genereted`,`fmd_scanner_type`,`fmd_no_of_pages_to_scan`,`fmd_no_of_pages_scanned`,`fmd_image_quality`,`fm_scanning_status`,`fm_qced_status`,`fmd_data_entry`,`fmd_accepted_rejected`,`fmd_remarks`,`fmd_recd_um_sl`,`fmd_recd_page_count`) VALUES 
 (33,5,9,8,'2019-10-13 13:19:09',0,NULL,NULL,NULL,NULL,NULL,NULL,NULL,NULL,NULL,NULL,NULL,NULL),
 (34,5,9,9,'2019-10-13 13:19:09',0,NULL,'',0,0,'',0,NULL,NULL,NULL,'',NULL,NULL),
 (35,5,9,10,'2019-10-13 13:19:09',1,NULL,NULL,NULL,NULL,NULL,NULL,NULL,NULL,NULL,NULL,NULL,NULL);
/*!40000 ALTER TABLE `file_movement_details` ENABLE KEYS */;


--
-- Table structure for table `filetracking`.`file_movement_master`
--

DROP TABLE IF EXISTS `file_movement_master`;
CREATE TABLE `file_movement_master` (
  `fmm_id` int(11) NOT NULL,
  `fmm_rm_sl` int(11) NOT NULL,
  `fmm_desc` varchar(50) NOT NULL,
  PRIMARY KEY (`fmm_id`)
) ENGINE=InnoDB DEFAULT CHARSET=latin1;

--
-- Dumping data for table `filetracking`.`file_movement_master`
--

/*!40000 ALTER TABLE `file_movement_master` DISABLE KEYS */;
INSERT INTO `file_movement_master` (`fmm_id`,`fmm_rm_sl`,`fmm_desc`) VALUES 
 (1,1,'File Entered to the System'),
 (2,1,'Batch Created'),
 (3,1,'File Received by Inward Team'),
 (4,1,'File Received by Dataentry Team'),
 (5,1,'Metadata entered'),
 (6,1,'Metadata Edited'),
 (7,1,'CSV Generated'),
 (8,1,'File Received by Scanning Team'),
 (9,1,'Scaning Team Put Observations'),
 (10,1,'Received By Internal QC team'),
 (11,1,'Internal QC put Observations'),
 (12,1,'Received By External QC team'),
 (13,1,'External QC put Observations'),
 (14,1,'Received By Outward Batch Return Team'),
 (15,1,'Received by client');
/*!40000 ALTER TABLE `file_movement_master` ENABLE KEYS */;


--
-- Table structure for table `filetracking`.`file_pdf_path`
--

DROP TABLE IF EXISTS `file_pdf_path`;
CREATE TABLE `file_pdf_path` (
  `fp_sl` int(11) NOT NULL,
  `fp_name` varchar(255) NOT NULL,
  PRIMARY KEY (`fp_sl`)
) ENGINE=InnoDB DEFAULT CHARSET=latin1;

--
-- Dumping data for table `filetracking`.`file_pdf_path`
--

/*!40000 ALTER TABLE `file_pdf_path` DISABLE KEYS */;
INSERT INTO `file_pdf_path` (`fp_sl`,`fp_name`) VALUES 
 (1,'pdfFolder');
/*!40000 ALTER TABLE `file_pdf_path` ENABLE KEYS */;


--
-- Table structure for table `filetracking`.`judge_master`
--

DROP TABLE IF EXISTS `judge_master`;
CREATE TABLE `judge_master` (
  `jm_sl` int(11) NOT NULL,
  `jm_name` text NOT NULL,
  PRIMARY KEY (`jm_sl`)
) ENGINE=InnoDB DEFAULT CHARSET=latin1;

--
-- Dumping data for table `filetracking`.`judge_master`
--

/*!40000 ALTER TABLE `judge_master` DISABLE KEYS */;
INSERT INTO `judge_master` (`jm_sl`,`jm_name`) VALUES 
 (1,' Hon\'ble Mr. Justice Saiyid Sharfuddin'),
 (2,' Hon\'ble Mr. Justice E.P. Chapman. I.C.S.'),
 (3,' Hon\'ble Mr. Justice Sir B. K. Mullick. Kt. I.C.S.'),
 (4,' Hon\'ble Mr. Justice F.R. Roe. I.C.S.'),
 (5,' Hon\'ble Mr. Justice C. Aikinson K.C.'),
 (6,' Hon\'ble Mr. Justice Sir Jwala Prasad. Kt.'),
 (7,' Hon\'ble Mr. Justice D.H. Kingsford. I.C.S.'),
 (8,' Hon\'ble Mr. Justice Sir Saiyid Ali Imam. Kt'),
 (9,' Hon\'ble Mr. Justice Dr. J Jhornhill'),
 (10,' Hon\'ble Mr. Justice W.S. Coutts. C.I.E.I.C.S.'),
 (11,' Hon\'ble Mr. Justice P.C. Manuk'),
 (12,' Hon\'ble Mr. Justice P. R. Das'),
 (13,' Hon\'ble Mr. Justice L.C. Adami. I.C.S.'),
 (14,' Hon\'ble Mr. Justice H. F. E. B. Foster'),
 (15,' Hon\'ble Mr. Justice Sir Saiyid Sultan Ahmad. Kt.. Barrister-at-law'),
 (16,' Hon\'ble Mr. Justice R.L. Ross'),
 (17,' Hon\'ble Mr. Justice Sir John Strachey Bucknill'),
 (18,' Hon\'ble Mr. Justice Sir I.S. Morpherson Kt.'),
 (19,' Hon\'ble Mr. Justice Kulwant Sahay'),
 (20,' Hon\'ble Mr. Justice Prasanta Kumar Sen');
INSERT INTO `judge_master` (`jm_sl`,`jm_name`) VALUES 
 (21,' Hon\'ble Mr. Justice H.L.L. Allanson. I.C.S.'),
 (22,' Hon\'ble Mr. Justice Arthur Edgar Scroope'),
 (23,' Hon\'ble Mr. Justice A.W.E. Wort. Barrister- at- law'),
 (24,' Hon\'ble Mr. Justice Sir J.F.W. James. Kt.. I.C.S.'),
 (25,' Hon\'ble Mr. Justice Syed Sarwar Ali'),
 (26,' Hon\'ble Mr. Justice Amar Nath Chatterji'),
 (27,' Hon\'ble Mr. Justice S.B. Dhavle'),
 (28,' Hon\'ble Mr. Justice F.G. Rowland'),
 (29,' Hon\'ble Mr. Justice Rai Bahadur Jyotirmoy Chatterjee'),
 (30,' Hon\'ble Mr. Justice Khan Bahadur Sir Khwaja Mohammad Noor'),
 (31,' Hon\'ble Mr. Justice Sir. C.M. Agarwala. Kt'),
 (32,' Hon\'ble Mr. Justice J.A. Saunders. I.C.S.'),
 (33,' Hon\'ble Mr. Justice Sukhdev Prasad Varma'),
 (34,' Hon\'ble Mr. Justice T. Luby'),
 (35,' Hon\'ble Mr. Justice F.F.Madan'),
 (36,' Hon\'ble Mr. Justice Manohar Lal'),
 (37,' Hon\'ble Mr. Justice Subodh Chandra Chatterji'),
 (38,' Hon\'ble Mr. Justice Sir H.R Meredith. Kt'),
 (39,' Hon\'ble Mr. Justice J.G. Shearer'),
 (40,' Hon\'ble Mr. Justice P. H. L. Brough');
INSERT INTO `judge_master` (`jm_sl`,`jm_name`) VALUES 
 (41,' Hon\'ble Mr. Justice Bhuvaneshwar Prasad Sinha'),
 (42,' Hon\'ble Mr. Justice D.E. Reuben. I.C.S'),
 (43,' Hon\'ble Mr. Justice Saiyid Jalar Imam'),
 (44,' Hon\'ble Mr. Justice R. B. Beevor'),
 (45,' Hon\'ble Mr. Justice S.K. Das'),
 (46,' Hon\'ble Mr. Justice Bhuvaneshwar Prasad Pandey'),
 (47,' Hon\'ble Mr. Justice Bira Kishore Ray'),
 (48,' Hon\'ble Mr. Justice C.H.A. Bennell. Barrister-at-law'),
 (49,' Hon\'ble Mr. Justice Wafler Walson Dalziel'),
 (50,' Hon\'ble Mr. Justice Abhayapda Mukherji'),
 (51,' Hon\'ble Mr. Justice T. G. N. Ayyar'),
 (52,' Hon\'ble Mr. Justice V. Ramaswami'),
 (53,' Hon\'ble Mr. Justice Mahabir Prasad. Barrister-at-law'),
 (54,' Hon\'ble Mr. Justice Jugal Kishore Narayan'),
 (55,' Hon\'ble Mr. Justice Nageshwar Prasad'),
 (56,' Hon\'ble Mr. Justice B. P. Jamuar'),
 (57,' Hon\'ble Mr. Justice Sarjoo Prasad'),
 (58,' Hon\'ble Mr. Justice B.N. Rai'),
 (59,' Hon\'ble Mr. Justice Chandreshwar Prasad Sinha'),
 (60,' Hon\'ble Mr. Justice Khaleel Ahmad. Barrister-at-law');
INSERT INTO `judge_master` (`jm_sl`,`jm_name`) VALUES 
 (61,' Hon\'ble Mr. Justice Satish Chandra Misra'),
 (62,' Hon\'ble Mr. Justice Kali Kumar Banergi'),
 (63,' Hon\'ble Mr. Justice Kali Kant Chaudhary'),
 (64,' Hon\'ble Mr. Justice Kamla Sahi'),
 (65,' Hon\'ble Mr. Justice H.N. Sinha'),
 (66,' Hon\'ble Mr. Justice Nand Lall Hantwalia'),
 (67,' Hon\'ble Mr. Justice Shib Chandra Prasad'),
 (68,' Hon\'ble Mr. Justice Harihar Mahaptra'),
 (69,' Hon\'ble Mr. Justice Tarkeshwar Nath'),
 (70,' Hon\'ble Mr. Justice Anant Singh'),
 (71,' Hon\'ble Mr. Justice Shyamnandan Prasad Singh'),
 (72,' Hon\'ble Mr. Justice Ramratna Singh'),
 (73,' Hon\'ble Mr. Justice Girija Nandan Prasad'),
 (74,' Hon\'ble Mr. Justice Sarjan Prasad Singh'),
 (75,' Hon\'ble Mr. Justice Akhouri Badrinhath Sinha'),
 (76,' Hon\'ble Mr. Justice Ranbir Jang Bahadur'),
 (77,' Hon\'ble Mr. Justice Saiyid Anwar Ahmad'),
 (78,' Hon\'ble Mr. Justice Kamta Kanta Datta'),
 (79,' Hon\'ble Mr. Justice Mahendra Prasad Verma'),
 (80,' Hon\'ble Mr. Justice Krishna Ballabh Narayan Singh'),
 (81,' Hon\'ble Mr. Justice Baidyanath Jha');
INSERT INTO `judge_master` (`jm_sl`,`jm_name`) VALUES 
 (82,' Hon\'ble Mr. Justice Shambhu Prasad Singh'),
 (83,' Hon\'ble Mr. Justice Balmiki Prasad Singh'),
 (84,' Hon\'ble Mr. Justice Prafula Kumar Benerji'),
 (85,' Hon\'ble Mr. Justice Bhubaneshwan Dhari Singh'),
 (86,' Hon\'ble Mr. Justice Kanhaijaji'),
 (87,' Hon\'ble Mr. Justice Syed Wasiuddin'),
 (88,' Hon\'ble Mr. Justice A.N. Mukherji'),
 (89,' Hon\'ble Mr. Justice Chandrika Prasad Sinha'),
 (90,' Hon\'ble Mr. Justice S. Sarwar Ali'),
 (91,' Hon\'ble Mr. Justice Madan Mohan Prasad'),
 (92,' Hon\'ble Mr. Justice Jitendra Narain'),
 (93,' Hon\'ble Mr. Justice Sayed Akbar Husain'),
 (94,' Hon\'ble Mr. Justice Shiveshwar Prasad Sinha'),
 (95,' Hon\'ble Mr. Justice Rameshwar Prasad Sinha'),
 (96,' Hon\'ble Mr. Justice Durga Prasad Sinha'),
 (97,' Hon\'ble Mr. Justice Chandra Narayan Tiwary'),
 (98,' Hon\'ble Mr. Justice Bhagwati Prasad Jha'),
 (99,' Hon\'ble Mr. Justice Hari Lal Agrawal'),
 (100,' Hon\'ble Mr. Justice Lalit Mohan Sharma'),
 (101,' Hon\'ble Mr. Justice Sushil Kumar Jha');
INSERT INTO `judge_master` (`jm_sl`,`jm_name`) VALUES 
 (102,' Hon\'ble Mr. Justice Nagendra Prasad Singh'),
 (103,' Hon\'ble Mr. Justice Muneshwari Sahay'),
 (104,' Hon\'ble Mr. Justice Sunil Kumar Choudhuri'),
 (105,' Hon\'ble Mr. Justice Uday Sinha'),
 (106,' Hon\'ble Mr. Justice Syed Ali Ahmad'),
 (107,' Hon\'ble Mr. Justice Birendra Prasad Sinha'),
 (108,' Hon\'ble Mr. Justice Medini Prasad Singh'),
 (109,' Hon\'ble Mr. Justice Brishketu Saran Sinha'),
 (110,' Hon\'ble Mr. Justice Shivanugrah Narain'),
 (111,' Hon\'ble Mr. Justice Gobind Mohan Misra'),
 (112,' Hon\'ble Mr. Justice Prem Shankar Sahay'),
 (113,' Hon\'ble Mr. Justice Chaudhary Sia Saran Sinha'),
 (114,' Hon\'ble Mr. Justice Syed Shamsul Hasan'),
 (115,' Hon\'ble Mr. Justice Manoranjan Prasad'),
 (116,' Hon\'ble Mr. Justice Satyeshwar Roy'),
 (117,' Hon\'ble Mr. Justice Vishwanath Mishra'),
 (118,' Hon\'ble Mr. Justice Umesh Chandra Sharma'),
 (119,' Hon\'ble Mr. Justice Muneshwar Prasad Verma'),
 (120,' Hon\'ble Mr. Justice Rajeshwar Prasad Mandal'),
 (121,' Hon\'ble Mr. Justice Binodanand Singh');
INSERT INTO `judge_master` (`jm_sl`,`jm_name`) VALUES 
 (122,' Hon\'ble Mr. Justice Nazir Ahmad'),
 (123,' Hon\'ble Mr. Justice Yadunath Sharan Singh'),
 (124,' Hon\'ble Mr. Justice R.C.P. Sinha'),
 (125,' Hon\'ble Mr. Justice Ashwini Kumar Sinha'),
 (126,' Hon\'ble Mr. Justice Surendra Narain Jha'),
 (127,' Hon\'ble Mr. Justice S. B. Sanyal'),
 (128,' Hon\'ble Mr. Justice Krishna Ballabh Sinha'),
 (129,' Hon\'ble Mr. Justice Anand Prasad Sinha'),
 (130,' Hon\'ble Mr. Justice Ram Naresh Thakur'),
 (131,' Hon\'ble Mr. Justice Prabha Shankar Mishra'),
 (132,' Hon\'ble Mr. Justice B.P. Griyadhey'),
 (133,' Hon\'ble Mr. Justice Madan Mohan Prasad'),
 (134,' Hon\'ble Mr. Justice Abhiram Singh'),
 (135,' Hon\'ble Mr. Justice Ram Nandan Prasad'),
 (136,' Hon\'ble Mr. Justice Syed Haider Shaukat Abidi'),
 (137,'Illegible'),
 (138,' Hon\'ble Mr. Justice Ram Nandan Prasad'),
 (139,' Hon\'ble Mr. Justice Bimalendu Narayan Singh'),
 (140,' Hon\'ble Mr. Justice Ram Narayan Lal'),
 (141,' Hon\'ble Mr. Justice L.P.N. Sahadeo'),
 (142,' Hon\'ble Mr. Justice Suresh Chandra Mookherji');
INSERT INTO `judge_master` (`jm_sl`,`jm_name`) VALUES 
 (143,' Hon\'ble Mr. Justice Satya Brata Sinha'),
 (144,' Hon\'ble Mr. Justice Ram Nandan Prasad'),
 (145,' Hon\'ble Mr. Justice Bhuvaneshwar Prasad'),
 (146,' Hon\'ble Mr. Justice Bishwanath Agrawal'),
 (147,' Hon\'ble Mr. Justice Bisheshwar Prasad Singh'),
 (148,' Hon\'ble Mr. Justice Narbdeshwar Panday'),
 (149,' Hon\'ble Mr. Justice Nagendra Rai'),
 (150,' Hon\'ble Mr. Justice Narindra Singh Rao'),
 (151,' Hon\'ble Mr. Justice Shamimul Hoda'),
 (152,' Hon\'ble Mr. Justice Binod Kumar Ray'),
 (153,' Hon\'ble Mr. Justice Om Prakash'),
 (154,' Hon\'ble Mr. Justice Shamim Ahsan'),
 (155,' Hon\'ble Mr. Justice Amir Das'),
 (156,' Hon\'ble Mr. Justice Nunu Mani Prasad Singh'),
 (157,' Hon\'ble Mr. Justice Santanu Kr. Mookherji'),
 (158,' Hon\'ble Mr. Justice S.K. Hom Chaudhuri'),
 (159,' Hon\'ble Mr. Justice B.L. Yadav'),
 (160,' Hon\'ble Mr. Justice Surinder Sarup'),
 (161,' Hon\'ble Mr. Justice Dr. Mukundakam Sharma'),
 (162,' Hon\'ble Mr. Justice Gyan Sudha Mishra'),
 (163,' Hon\'ble Mr. Justice Bishwondra Narayan Singh (Neelam)');
INSERT INTO `judge_master` (`jm_sl`,`jm_name`) VALUES 
 (164,' Hon\'ble Mr. Justice Vidya Nand'),
 (165,' Hon\'ble Mr. Justice Sidheshwar Narayan'),
 (166,' Hon\'ble Mr. Justice Chandra Mauli Kr. Prasad'),
 (167,' Hon\'ble Mr. Justice Shiva Kirti Singh'),
 (168,' Hon\'ble Mr. Justice D.P.S. Chaudhary'),
 (169,' Hon\'ble Mr. Justice Deoki Nandan Prasad'),
 (170,' Hon\'ble Mr. Justice Anil Kumar Sinha'),
 (171,' Hon\'ble Mr. Justice Sachida Nand Jha'),
 (172,' Hon\'ble Mr. Justice Indu Prabha Singh'),
 (173,' Hon\'ble Mr. Justice Dharm Pal Sinha'),
 (174,' Hon\'ble Mr. Justice Ravi Nandan Sahay'),
 (175,' Hon\'ble Mr. Justice Ram Nandan Prasad'),
 (176,' Hon\'ble Mr. Justice Gopi Chand Bharuka'),
 (177,' Hon\'ble Mr. Justice Shashank Kumar Singh'),
 (178,' Hon\'ble Mr. Justice Aftab Alam'),
 (179,' Hon\'ble Mr. Justice S.K. Chattopadhyaya'),
 (180,' Hon\'ble Mr. Justice A.N. Chaturvedi'),
 (181,' Hon\'ble Mr. Justice C.S. Mishra'),
 (182,' Hon\'ble Mr. Justice Radha Mohan Prasad'),
 (183,' Hon\'ble Mr. Justice Narayan Roy'),
 (184,' Hon\'ble Dr. Justice J.N. Dubey');
INSERT INTO `judge_master` (`jm_sl`,`jm_name`) VALUES 
 (185,' Hon\'ble Mr. Justice S.K. Hom Chaudhuri'),
 (186,' Hon\'ble Mr. Justice Gurusharan Sharma`'),
 (187,' Hon\'ble Mr. Justice Naresh Kumar Sinha'),
 (188,' Hon\'ble Mr. Justice Lok Nath Prasad'),
 (189,' Hon\'ble Mr. Justice A.K. Ganguly'),
 (190,' Hon\'ble Mr. Justice Prasun Kumar Deb'),
 (191,' Hon\'ble Mr. Justice A.N. Trivedi'),
 (192,' Hon\'ble Mr. Justice O.N. Asthana'),
 (193,' Hon\'ble Mr. Justice Pramod Kumar Sarin'),
 (194,' Hon\'ble Mr. Justice Salgit Singh Dahliwal'),
 (195,' Hon\'ble Mr. Justice Syed Rafat Alam'),
 (196,' Hon\'ble Mr. Justice S.J. Mukhopadhaya'),
 (197,' Hon\'ble Mr. Justice Ram Kishore Singh'),
 (198,' Hon\'ble Mr. Justice M. Yusuf Eqbal'),
 (199,' Hon\'ble Mr. Justice Bharat Prasad Sharma'),
 (200,' Hon\'ble Mr. Justice Gauri Shankar Chaube'),
 (201,' Hon\'ble Mr. Justice Prasanta Kumar Sarkar'),
 (202,' Hon\'ble Mr. Justice Narendra Narayan Singh'),
 (203,' Hon\'ble Mr. Justice Ram Autar Sharma'),
 (204,' Hon\'ble Mr. Justice Ashok Kumar Prasad');
INSERT INTO `judge_master` (`jm_sl`,`jm_name`) VALUES 
 (205,' Hon\'ble Mr. Justice Sudhir Kumar Katriar'),
 (206,' Hon\'ble Mr. Justice A.K. Verma'),
 (207,' Hon\'ble Mr. Justice S.N. Pathak'),
 (208,' Hon\'ble Mr. Justice P.R. Sinha'),
 (209,' Hon\'ble Mr. Justice P.N. Yadav'),
 (210,' Hon\'ble Mr. Justice B.N.P. Singh'),
 (211,' Hon\'ble Mr. Justice T.P. Singh'),
 (212,' Hon\'ble Mr. Justice B.K. Jha'),
 (213,' Hon\'ble Mr. Justice Rajendra Prasad'),
 (214,' Hon\'ble Mr. Justice Barin Ghosh'),
 (215,' Hon\'ble Mr. Justice Chandra Mohan Prasad'),
 (216,' Hon\'ble Mr. Justice Navin Sinha'),
 (217,' Hon\'ble Mrs. Justice Smt. Mridula Mishra'),
 (218,' Hon\'ble Mr. Justice V.N. Sinha'),
 (219,' Hon\'ble Mr. Justice S. Nayer Hussain'),
 (220,' Hon\'ble Mrs. Justice Smt. Rekha Kumari'),
 (221,' Hon\'ble Mr. Justice Ghanshyam Prasad'),
 (222,' Hon\'ble Mr. Justice S.M. Mohfooz Alam'),
 (223,' Hon\'ble Mr. Justice Navaniti Prasad Singh'),
 (224,' Hon\'ble Mr. Justice Ramesh Kumar Datta'),
 (225,' Hon\'ble Mr. Justice Anwar Ahmad'),
 (226,' Hon\'ble Mr. Justice Subash Chandra Jha');
INSERT INTO `judge_master` (`jm_sl`,`jm_name`) VALUES 
 (227,' Hon\'ble Mr. Justice Madhavendra Saran'),
 (228,' Hon\'ble Mr. Justice Shyam Kishore Sharma'),
 (229,' Hon\'ble Mr. Justice Shailesh Kumar Sinha'),
 (230,' Hon\'ble Mr. Justice Jayanandan Singh'),
 (231,'Hon\'ble Justice Smt.Sheema Ali Khan'),
 (232,' Hon\'ble Mr. Justice Samarendra Pratap Singh'),
 (233,' Hon\'ble Mr. Justice Ajay Kumar Tripathi'),
 (234,' Hon\'ble Mr. Justice Dharnidhar Jha'),
 (235,' Hon\'ble Mr. Justice Abhijit Singh'),
 (236,' Hon\'ble Mr. Justice Mihir Kumar Jha'),
 (237,' Hon\'ble Mr. Justice Kishore Kumar Mandal'),
 (238,' Hon\'ble Mr. Justice Manohar Lal Visa'),
 (239,' Hon\'ble Mr. Justice Dr. Ravi Ranjan'),
 (240,' Hon\'ble Mr. Justice Jyoti Saran'),
 (241,' Hon\'ble Mr. Justice Rakesh Kumar'),
 (242,' Hon\'ble Mr. Justice Birendra Prasad Verma'),
 (243,' Hon\'ble Mr. Justice Dinesh Kumar Singh'),
 (244,' Hon\'ble Mr. Justice Mungeshwar Sahoo'),
 (245,' Hon\'ble Mr. Justice Hemant Kumar Srivastava'),
 (246,' Hon\'ble Mr. Justice Vijayendra Nath');
INSERT INTO `judge_master` (`jm_sl`,`jm_name`) VALUES 
 (247,' Hon\'ble Mr. Justice Shivaji Pandey'),
 (248,' Hon\'ble Mr. Justice Ashwani Kumar Singh'),
 (249,' Hon\'ble Mr. Justice Vikash Jain'),
 (250,' Hon\'ble Mr. Justice Ahsanuddin Amanullah'),
 (251,' Hon\'ble Mr. Justice Aditya Kumar Trivedi'),
 (252,' Hon\'ble Mr. Justice Rajendra Kumar Mishra'),
 (253,' Hon\'ble Mr. Justice Chakradhari Sharan Singh'),
 (254,' Hon\'ble Mr. Justice Prabhat Kumar Jha'),
 (255,' Hon\'ble Mr. Justice Jitendra Mohan Sharma'),
 (256,' Hon\'ble Mr. Justice Anjana Mishra'),
 (257,' Hon\'ble Mr. Justice Nilu Agrawal'),
 (258,' Hon\'ble Mr. Justice Sudhir Singh'),
 (259,' Hon\'ble Mr. Justice Birendra Kumar'),
 (260,'Hon\'ble Sir Edward Maynerd Champs Chamier'),
 (261,'Hon\'ble Sir Thomas Fredrick Dawson Miller'),
 (262,'Hon\'ble Sir Courtney Terrell'),
 (263,'Hon\'ble Sir Arther Trevor Harries'),
 (264,'Hon\'ble Sir Syed Fazl Ali'),
 (265,'Hon\'ble Sir Clifford Monmohan Agarwala'),
 (266,'Hon\'ble Sir Herbert Ribton Meredith'),
 (267,'Hon\'ble Pandit Lakshami Kant Jha');
INSERT INTO `judge_master` (`jm_sl`,`jm_name`) VALUES 
 (268,'Hon\'ble Shri David Ezra Reuben'),
 (269,'Hon\'ble Shri Syed Jafar Imam'),
 (270,'Hon\'ble Shri Sudhansu Kumar Das'),
 (271,'Hon\'ble Shri Vaidyanathier Ramaswami'),
 (272,'Hon\'ble Shri Ramaswamy Lakshmi Narasimhan'),
 (273,'Hon\'ble Shri Satish Chandra Mishra'),
 (274,'Hon\'ble Shri Ujjal Narayan Sinha'),
 (275,'Hon\'ble Shri Nand Lall Untwalia'),
 (276,'Hon\'ble Shri Shyam Nandan Prasad Singh'),
 (277,'Hon\'ble Shri Krishna Ballabh Narayan Singh'),
 (278,'Hon\'ble Shri Surjit Singh Sandhawalia'),
 (279,'Hon\'ble Shri Bhagwati Prasad Jha'),
 (280,'Hon\'ble Shri Dipak Kumar Sen'),
 (281,'Hon\'ble Shri Shushil Kumar Jha'),
 (282,'Hon\'ble Shri Gangadhar Ganesh Sohani'),
 (283,'Hon\'ble Shri Bimal Chandra Basak'),
 (284,'Hon\'ble Shri K.S. Paripoornan'),
 (285,'Hon\'ble Shri K. Venkataswamy'),
 (286,'Hon\'ble Shri G.B. Pattanaik'),
 (287,'Hon\'ble Shri D.P. Wadhwa'),
 (288,'Hon\'ble Shri B.M. Lal'),
 (289,'Hon\'ble Shri Ravi S. Dhavan'),
 (290,'Hon\'ble Mr Justice Dr. J.N. Bhatt');
INSERT INTO `judge_master` (`jm_sl`,`jm_name`) VALUES 
 (291,'Hon\'ble Shri Rajesh Balia'),
 (292,'Hon\'ble Mr. R.M. Lodha,CJ'),
 (293,'Hon\'ble Shri J. B. Koshy'),
 (294,'Hon\'ble Shri P. K. Mishra'),
 (297,'Hon\'ble Mr. Justice L. Narasimha Reddy'),
 (298,'Hon\'ble Mr.Justice Subodh Chandra Chatterji'),
 (299,'Hon\'ble Mr. Justice P.C. Manuk. Barrister- at- law'),
 (300,'Hon\'ble Mr. Justice Iqbal Ahmed Ansari'),
 (301,' Hon\'ble Justice Mr. Hemant Gupta \n( Acting Chief Justice)'),
 (302,' Hon\'ble Justice Mr. Hemant Gupta \n( Acting Chief Justice)'),
 (303,'Hon\'ble Mr. Justice Iqbal Ahmed Ansari'),
 (304,'Hon\'ble Mr. Justice L. Narasimha Reddy'),
 (305,'Hon\'ble Miss Justice Rekha Manharlal Doshit,CJ'),
 (306,'Hon\'ble Shri P. K. Mishra'),
 (307,'Hon\'ble Shri J. B. Koshy'),
 (308,'Hon\'ble Shri Rajesh Balia'),
 (310,'Hon\'ble Dr. J.N. Bhatt'),
 (311,'Hon\'ble Shri Ravi S. Dhavan'),
 (312,'Hon\'ble Shri B.M. Lal'),
 (313,'Hon\'ble Shri D.P. Wadhwa'),
 (314,'Hon\'ble Shri G.B. Pattanaik'),
 (315,'Hon\'ble Shri K. Venkataswamy');
INSERT INTO `judge_master` (`jm_sl`,`jm_name`) VALUES 
 (316,'Hon\'ble Shri K.S. Paripoornan'),
 (317,'Hon\'ble Shri Bimal Chandra Basak'),
 (318,'Hon\'ble Shri Gangadhar Ganesh Sohani'),
 (319,'Hon\'ble Shri Shushil Kumar Jha'),
 (320,'Hon\'ble Shri Dipak Kumar Sen'),
 (321,'Hon\'ble Shri Bhagwati Prasad Jha'),
 (322,'Hon\'ble Shri Surjit Singh Sandhawalia'),
 (323,'Hon\'ble Shri Krishna Ballabh Narayan Singh'),
 (324,'Hon\'ble Shri Shyam Nandan Prasad Singh'),
 (325,'Hon\'ble Shri Nand Lall Untwalia'),
 (326,'Hon\'ble Shri Ujjal Narayan Sinha'),
 (327,'Hon\'ble Shri Satish Chandra Mishra'),
 (328,'Hon\'ble Shri Ramaswamy Lakshmi Narasimhan'),
 (329,'Hon\'ble Shri Vaidyanathier Ramaswami'),
 (330,'Hon\'ble Shri Sudhansu Kumar Das'),
 (331,'Hon\'ble Shri Syed Jafar Imam'),
 (332,'Hon\'ble Shri David Ezra Reuben'),
 (333,'Hon\'ble Pandit Lakshami Kant Jha'),
 (334,'Hon\'ble Sir Herbert Ribton Meredith'),
 (335,'Hon\'ble Sir Clifford Monmohan Agarwala'),
 (336,'Hon\'ble Sir Syed Fazl Ali'),
 (337,'Hon\'ble Sir Arther Trevor Harries');
INSERT INTO `judge_master` (`jm_sl`,`jm_name`) VALUES 
 (338,'Hon\'ble Sir Courtney Terrell'),
 (339,'Hon\'ble Sir Thomas Fredrick Dawson Miller'),
 (340,'Hon\'ble Sir Edward Maynerd Champs Chamier'),
 (341,'Hon\'ble Mr. Justice P.C. Manuk. Barrister- at- law'),
 (342,'Hon\'ble Mr.Justice Subodh Chandra Chatterji'),
 (343,'Hon\'ble Mr. Justice Dipak Misra'),
 (344,'Hon\'ble Mrs. Justice Anjana Prakash'),
 (345,'Hon\'ble Mr. Justice Akhilesh Chandra'),
 (346,'Hon\'ble Mrs. Justice Anjana Mishra'),
 (347,'Hon\'ble Mr. Justice Gopal Prasad'),
 (348,'Hon\'ble Mr. Justice Vinod Kr.Sinha'),
 (349,'Hon\'ble Mr. Justice Sanjay Priya'),
 (350,'Hon\'ble Mr. Justice Arvind Srivastava'),
 (351,'Hon\'ble Mr. Justice Sanjay Kumar'),
 (352,'Hon\'ble Mr. Justice Arun Kumar'),
 (353,'Hon\'ble Mr. Justice Mandhata Singh'),
 (354,'Hon\'ble Mr. Justice Amresh Kumar Lal'),
 (355,'Hon\'ble Mr. Justice V Nath'),
 (356,' Hon\'ble justice Mr. Ab Malay'),
 (357,' Hon\'ble Justice  Mr. Ac andrew'),
 (358,' Hon\'ble Mr. Justice S.P Singh'),
 (359,' Hon\'ble Mr. Justice Abhijit Sinha');
INSERT INTO `judge_master` (`jm_sl`,`jm_name`) VALUES 
 (360,' Hon\'ble Mrs. Justice Mridula Mishra'),
 (361,' Hon\'ble Mr. Justice P K Sinha'),
 (362,' Hon\'ble Mr. Justice Prakash Chandra Verma'),
 (364,' Hon\'ble Mr. Justice P.K.Sinha'),
 (365,'Hon\'ble Mr. Justice S.N. Hussain'),
 (367,'Hon\'ble Mr. Justice B. P. Singh'),
 (368,'Hon\'ble Mr. Justice J.N. Singh'),
 (369,'Hon\'ble Mr. Justice I.A. Ansari'),
 (370,' Hon\'ble Mr. Justice Choudhary S.N. Mishra'),
 (371,'	Hon\'ble Mrs. Justice T. Meena Kumari'),
 (372,'Hon\'ble Mr. Justice N. Pandey'),
 (373,'Hon\'ble Shri Sudhansu Jyoti Mukhopadhaya'),
 (374,'Hon\'ble Mr. Justice R.N. Prasad '),
 (375,'Hon\'ble Mr. Justice R.S. Garg'),
 (376,'Hon\'ble Mr. Justice Ashok Kumar Verma '),
 (377,'N/A'),
 (378,'Hon\'ble Mr. Justice Uday Pratap Singh '),
 (379,'Hon\'ble Mr. Justice Sadanand Mukherjee'),
 (380,'Hon\'ble Mr. Justice Syed Md. Mahfooz Alam '),
 (381,'Hon\'ble Mr. Justice Ashish Narayan Trivedi'),
 (382,'Hon\'ble Mr. Justice Daljeet Singh Dhaliwal'),
 (383,'Hon\'ble Mr. Justice Dipak Misra, C.J');
INSERT INTO `judge_master` (`jm_sl`,`jm_name`) VALUES 
 (384,'Hon\'ble Justice Dr. J.N. Bhatt C.J.'),
 (385,'Hon\'ble Mr. Justice C.S. Sharma '),
 (386,'Hon\'ble Mr. Justice Ashutosh Kumar '),
 (387,'Hon\'ble Mr. Justice Amareshwar Sahay'),
 (388,'Hon\'ble Mr. S.N JHA'),
 (389,'Hon\'ble Mr. Justice R.N.SAHAY'),
 (390,'Hon\'ble Mr. Justice Bal Krishna Jha ');
/*!40000 ALTER TABLE `judge_master` ENABLE KEYS */;


--
-- Table structure for table `filetracking`.`lower_court_details`
--

DROP TABLE IF EXISTS `lower_court_details`;
CREATE TABLE `lower_court_details` (
  `lcd_sl` int(11) NOT NULL,
  `ctm_sl` int(11) NOT NULL,
  `lcd_name` varchar(255) NOT NULL,
  PRIMARY KEY (`lcd_sl`)
) ENGINE=InnoDB DEFAULT CHARSET=latin1;

--
-- Dumping data for table `filetracking`.`lower_court_details`
--

/*!40000 ALTER TABLE `lower_court_details` DISABLE KEYS */;
INSERT INTO `lower_court_details` (`lcd_sl`,`ctm_sl`,`lcd_name`) VALUES 
 (1,1,'TITLE SUIT'),
 (2,1,'MONEY SUIT'),
 (3,1,'T.APPEAL'),
 (4,1,'MISC. APPEAL'),
 (5,1,'MISC. JUDICIAL'),
 (6,1,'EXECUTION CASE'),
 (7,1,'MATRIMONIAL CASE'),
 (8,1,'PROBATE CASE'),
 (9,1,'SUCCESSION CASE'),
 (10,1,'LAND ACQUISITION'),
 (11,1,'CLAIM CASE'),
 (12,1,'ARBITRATION'),
 (13,1,'WORKS.COMPENSAT.ACT'),
 (14,1,'GUARDIAN SUIT'),
 (15,1,'INSOLVENCY CASE'),
 (16,1,'MAINTENANCE CASE'),
 (17,1,'REVOCATION CASE'),
 (18,1,'REDUMPTION SUIT'),
 (19,1,'CIVIL TRANSFER CASE'),
 (20,1,'COMPLAINT CASE'),
 (21,1,'G.R.CASE'),
 (22,1,'MONEY APPEAL'),
 (23,1,'RENT APPEAL'),
 (24,1,'SCC SUIT'),
 (25,1,'RENT SUIT'),
 (26,1,'LT.OF ADMINISTRATION'),
 (27,1,'INCOME TAX APPELLATS'),
 (28,1,'DIVORSE CASE'),
 (29,1,'OTHERS'),
 (30,2,'BAIL PETITION'),
 (31,2,'SESSIONS TRIAL'),
 (32,2,'G R CASE'),
 (33,2,'SPECIAL CASE'),
 (34,2,'ANTICIPATORY BAIL PETITION'),
 (35,2,'CRIMINAL APPEAL'),
 (36,2,'CRIMINAL REVISION'),
 (37,2,'CRIMINAL MISCELLANEOUS'),
 (38,2,'DOMESTIC VIOLENCE CASE');
INSERT INTO `lower_court_details` (`lcd_sl`,`ctm_sl`,`lcd_name`) VALUES 
 (39,2,'EXCISE CASE'),
 (40,1,'N/A'),
 (41,2,'N/A'),
 (42,2,'NDPS'),
 (43,2,'COMPLAIN (P)'),
 (44,2,'COMPLAIN (O)'),
 (45,1,'Miscellaneious Case'),
 (46,2,'Miscellaneious Case'),
 (47,1,'CIVIL WRIT'),
 (48,1,'M J C'),
 (50,1,'Restitution of Conjugal Rights Case'),
 (51,1,'EVICTION SUIT'),
 (52,1,'PARTITION SUIT'),
 (53,1,'MATRIMONIAL SUIT'),
 (54,2,'MATRIMONIAL CASE'),
 (55,2,'Session Case'),
 (56,1,'Election Case'),
 (57,1,'MOTOR VEHICLE CASE'),
 (58,2,'JUVENILE TRIAL CASE');
/*!40000 ALTER TABLE `lower_court_details` ENABLE KEYS */;


--
-- Table structure for table `filetracking`.`metadata`
--

DROP TABLE IF EXISTS `metadata`;
CREATE TABLE `metadata` (
  `m_sl` int(11) NOT NULL,
  `m_um_sl` int(11) NOT NULL,
  `m_fm_sl` int(11) NOT NULL,
  `m_date` datetime NOT NULL,
  `m_petitioner_name` text,
  `m_respondent_name` text,
  `m_judge_name` text,
  `m_petitioner_advocate_name` text,
  `m_respondent_advocate_name` text,
  `m_act` text,
  `m_section` text,
  `m_bench_type` text,
  `m_lower_court_details` text,
  `m_latest_case_status` text,
  `m_remarks` text,
  `m_date_of_disposal` text,
  `m_dist_name` varchar(255) DEFAULT NULL,
  `m_ps_name` varchar(255) DEFAULT NULL,
  `m_number` text,
  `m_fir` varchar(255) DEFAULT NULL,
  `m_year` text,
  `m_lc_number` text,
  `m_lc_year` text,
  `m_judge_name_2` text,
  `m_case_no` varchar(255) NOT NULL,
  `m_case_year` varchar(255) NOT NULL,
  `m_high_court_connect_case_details` varchar(255) NOT NULL,
  PRIMARY KEY (`m_sl`),
  KEY `m_fm_sl` (`m_fm_sl`)
) ENGINE=InnoDB DEFAULT CHARSET=latin1;

--
-- Dumping data for table `filetracking`.`metadata`
--

/*!40000 ALTER TABLE `metadata` DISABLE KEYS */;
INSERT INTO `metadata` (`m_sl`,`m_um_sl`,`m_fm_sl`,`m_date`,`m_petitioner_name`,`m_respondent_name`,`m_judge_name`,`m_petitioner_advocate_name`,`m_respondent_advocate_name`,`m_act`,`m_section`,`m_bench_type`,`m_lower_court_details`,`m_latest_case_status`,`m_remarks`,`m_date_of_disposal`,`m_dist_name`,`m_ps_name`,`m_number`,`m_fir`,`m_year`,`m_lc_number`,`m_lc_year`,`m_judge_name_2`,`m_case_no`,`m_case_year`,`m_high_court_connect_case_details`) VALUES 
 (1,9,1,'2019-10-11 13:53:25','MUNNA','Patna High Court','	Hon\'ble Mrs. Justice T. Meena Kumari','raj','rohit','Advocates Act. 1961','3a21002','Single','LT.OF ADMINISTRATION','Disposed Off','','10/01/2013','Jamui','BARHAT','','YES','','566','2001','.','23','2011','Company Petition'),
 (2,9,3,'2019-10-11 14:05:27','Rohit','PHC','	Hon\'ble Mrs. Justice T. Meena Kumari','tarang','raju','Advocates Act. 1961','1232a','Single','CIVIL WRIT','Disposed Off','','10/01/2013','Bhojpur','AAYAR','','YES','','231','2015','.','2135','2015','Civil W R I T'),
 (3,9,5,'2019-10-13 13:17:57','Rahul','Raj','	Hon\'ble Mrs. Justice T. Meena Kumari','Patna High Court','Salim','Advocates Act. 1961','1212112','Single','ARBITRATION','Disposed Off','','01/01/2019','East Champaran','AADAPUR','','YES','','13234','2014','.','1094','2014','Civil W R I T');
/*!40000 ALTER TABLE `metadata` ENABLE KEYS */;


--
-- Table structure for table `filetracking`.`metadata_details`
--

DROP TABLE IF EXISTS `metadata_details`;
CREATE TABLE `metadata_details` (
  `md_sl` int(11) NOT NULL,
  `md_label_text` varchar(255) NOT NULL,
  `md_field_name` varchar(255) NOT NULL,
  `md_field_type` varchar(10) NOT NULL,
  `md_ismandatory` tinyint(1) NOT NULL,
  `md_isautocomplete` tinyint(1) NOT NULL,
  `md_isactive` tinyint(1) NOT NULL,
  `md_sequence` int(11) NOT NULL,
  `md_cmbfrom` varchar(15) DEFAULT NULL,
  `md_valuelist` varchar(255) DEFAULT NULL,
  `md_valuetable` varchar(50) DEFAULT NULL,
  `md_fieldname` varchar(50) DEFAULT NULL,
  `md_dependent` varchar(50) DEFAULT NULL,
  `md_date` datetime NOT NULL,
  PRIMARY KEY (`md_sl`)
) ENGINE=InnoDB DEFAULT CHARSET=latin1;

--
-- Dumping data for table `filetracking`.`metadata_details`
--

/*!40000 ALTER TABLE `metadata_details` DISABLE KEYS */;
INSERT INTO `metadata_details` (`md_sl`,`md_label_text`,`md_field_name`,`md_field_type`,`md_ismandatory`,`md_isautocomplete`,`md_isactive`,`md_sequence`,`md_cmbfrom`,`md_valuelist`,`md_valuetable`,`md_fieldname`,`md_dependent`,`md_date`) VALUES 
 (3,'Petitioner Name','m_petitioner_name','text',1,0,1,30,'list','','','','0','2016-12-07 13:38:56'),
 (4,'Respondent Name','m_respondent_name','text',1,0,1,40,'list','','','','0','2017-03-02 07:28:26'),
 (5,'Judge Name','m_judge_name','combo',1,1,1,76,'master_data','','judge_master','jm_name','0','2017-03-02 07:35:28'),
 (6,'Petitioner Advocate Name','m_petitioner_advocate_name','text',1,0,1,61,'list','','','','0','2017-03-02 07:33:48'),
 (7,'Respondent Advocate Name','m_respondent_advocate_name','text',1,0,1,70,'list','','','','0','2016-11-25 18:23:45'),
 (8,'Act','m_act','combo',1,0,1,80,'master_data','1,2,3,4,5,6','act_master','am_name','ctm_sl','2016-12-07 14:06:06'),
 (9,'Section','m_section','text',0,0,1,90,'list','','','','0','2017-03-02 09:43:17'),
 (10,'Bench Type','m_bench_type','combo',1,1,1,72,'list','Division,Single,Full,Other','','','0','2017-04-13 08:00:19');
INSERT INTO `metadata_details` (`md_sl`,`md_label_text`,`md_field_name`,`md_field_type`,`md_ismandatory`,`md_isautocomplete`,`md_isactive`,`md_sequence`,`md_cmbfrom`,`md_valuelist`,`md_valuetable`,`md_fieldname`,`md_dependent`,`md_date`) VALUES 
 (11,'Lower Court Details','m_lower_court_details','combo',1,1,1,110,'master_data','','lower_court_details','lcd_name','ctm_sl','2016-12-07 15:00:53'),
 (12,'Latest Case Status','m_latest_case_status','combo',1,1,1,102,'list','Pending,Disposed Off','','jm_name','0','2017-03-01 06:57:27'),
 (13,'Remarks','m_remarks','textarea',0,0,1,241,'list','','','','0','2017-03-02 09:41:42'),
 (14,'Date of Disposal','m_date_of_disposal','date',1,0,1,105,'list','','','','0','2016-11-25 18:24:41'),
 (15,'Crime District','m_dist_name','combo',0,1,1,107,'master_data','','dist_ps_maping','dist_name','0','2016-11-25 13:25:57'),
 (16,'Crime Police Station','m_ps_name','combo',0,1,1,210,'master_data','','dist_ps_maping','ps_name','m_dist_name','2016-11-25 13:26:43'),
 (17,' Number','m_number','text',0,0,1,230,'list','Single,Division,Other','','','0','2016-12-08 11:48:15');
INSERT INTO `metadata_details` (`md_sl`,`md_label_text`,`md_field_name`,`md_field_type`,`md_ismandatory`,`md_isautocomplete`,`md_isactive`,`md_sequence`,`md_cmbfrom`,`md_valuelist`,`md_valuetable`,`md_fieldname`,`md_dependent`,`md_date`) VALUES 
 (18,'FIR','m_fir','combo',1,0,1,150,'list','YES,NO','','','0','2017-03-02 07:23:42'),
 (19,'Year','m_year','text',0,0,1,240,'list','','','','0','2016-12-08 11:45:19'),
 (20,'LC Number','m_lc_number','text',0,0,1,111,'list','','','','0','2016-12-08 11:47:47'),
 (21,'LC Year','m_lc_year','text',0,0,1,112,'list','','','','0','2016-12-08 11:46:50'),
 (22,'Judge Name 2#','m_judge_name_2','combo',0,0,1,77,'master_data','','judge_master','jm_name','0','2017-04-13 08:06:49'),
 (23,'Case No','m_case_no','text',0,0,1,245,'list','','','','0','2017-05-04 09:10:47'),
 (24,'Case Year','m_case_year','text',0,0,1,250,'list','','','','0','2017-05-04 09:11:53'),
 (25,'High Court Connect Case Details','m_high_court_connect_case_details','combo',0,0,1,243,'master_data','','case_nature_master','cnm_name','ctm_sl','2017-05-05 10:56:53');
/*!40000 ALTER TABLE `metadata_details` ENABLE KEYS */;


--
-- Table structure for table `filetracking`.`role_master`
--

DROP TABLE IF EXISTS `role_master`;
CREATE TABLE `role_master` (
  `rm_sl` int(11) NOT NULL,
  `rm_name` varchar(50) NOT NULL,
  `rm_remarks` varchar(255) NOT NULL,
  `rm_isactive` tinyint(1) NOT NULL,
  PRIMARY KEY (`rm_sl`)
) ENGINE=InnoDB DEFAULT CHARSET=latin1;

--
-- Dumping data for table `filetracking`.`role_master`
--

/*!40000 ALTER TABLE `role_master` DISABLE KEYS */;
INSERT INTO `role_master` (`rm_sl`,`rm_name`,`rm_remarks`,`rm_isactive`) VALUES 
 (1,'Admin','all ',1),
 (2,'OutwardBatchReturnTeam','scan bar code. Collect date time, vendor person name, with exception details if any. Accepted by putting password by customer person on same screen. Input no of pages returned  ',1),
 (3,'ExternalQCTeam','Scan Bar code ,No of Pg to scan, No of Pg scanned, Image Quality: ok/not ok, Data Entry: Ok/Not Ok, Overall : Accept or reject  ',1),
 (4,'InternalQCTeam','QCed Ok/ Not Ok',1),
 (5,'ScaningTeam','provide observation, type of scanner used : flat bed/ADF, no of page scanned ',1),
 (6,'DataentryTeam','Meta data entry screen',1),
 (7,'InwardTeam','File received entry = Any Special Comment',1),
 (8,'ExternalUser','Bar code generation screen',1),
 (9,'Cust_Admin','super_Admin',1);
/*!40000 ALTER TABLE `role_master` ENABLE KEYS */;


--
-- Table structure for table `filetracking`.`user_master`
--

DROP TABLE IF EXISTS `user_master`;
CREATE TABLE `user_master` (
  `um_sl` int(11) NOT NULL,
  `um_email` varchar(30) NOT NULL,
  `um_salt` varchar(10) NOT NULL,
  `um_password` varchar(100) NOT NULL,
  `um_name` varchar(40) NOT NULL,
  `um_address` varchar(100) DEFAULT NULL,
  `um_pin` varchar(10) DEFAULT NULL,
  `um_phone` varchar(20) DEFAULT NULL,
  `um_rm_sl` int(11) NOT NULL,
  `um_isactive` tinyint(1) NOT NULL,
  `um_creation_date` datetime NOT NULL
) ENGINE=InnoDB DEFAULT CHARSET=latin1;

--
-- Dumping data for table `filetracking`.`user_master`
--

/*!40000 ALTER TABLE `user_master` DISABLE KEYS */;
INSERT INTO `user_master` (`um_sl`,`um_email`,`um_salt`,`um_password`,`um_name`,`um_address`,`um_pin`,`um_phone`,`um_rm_sl`,`um_isactive`,`um_creation_date`) VALUES 
 (1,'admin@sds.net','a4e107789d','eIZ8tRe1SHAetU5rVRQDST8IBs5hNGUxMDc3ODlk','admin','kolkata','700056','9749492851',1,1,'2016-11-03 15:57:05'),
 (2,'owbrt@sds.net','8f9dc7331a','4DcafVp/KQRzapZVlAx9Iy9up7Q4ZjlkYzczMzFh','owbrt@sds.net','Kolkata','700064','9830098300',2,1,'2016-11-14 16:07:44'),
 (3,'eqct@sds.net','c501972976','VqzX6kRS398KH8+3vZk5rDZr/LBjNTAxOTcyOTc2','eqct@sds.net','Kolkata','700064','9830098300',3,1,'2016-11-14 16:08:43'),
 (4,'iqct@sds.net','1cab5c7e06','Q1AYS1BTc0ixgXTDpxz8GbvwTeIxY2FiNWM3ZTA2','iqct@sds.net','Kolkata','700064','9830098300',4,1,'2016-11-14 16:09:37'),
 (5,'st@sds.net','8920b304a9','tB+ThSusvid7M06fBkiNVcinWBk4OTIwYjMwNGE5','st@sds.net','Kolkata','700064','9830098300',5,1,'2016-11-14 16:10:26'),
 (6,'det@sds.net','dbd56d41c0','2NbI2PzcSXTi9gyL67mAv3e14IFkYmQ1NmQ0MWMw','det@sds.net','Kolkata','700064','9830098300',6,1,'2016-11-14 16:11:09'),
 (7,'iwt@sds.net','b097a4495c','VjXUi33F6KJoaokc5cAPW+yt59NiMDk3YTQ0OTVj','iwt@sds.net','Kolkata','700064','9830098300',7,1,'2016-11-14 16:11:58');
INSERT INTO `user_master` (`um_sl`,`um_email`,`um_salt`,`um_password`,`um_name`,`um_address`,`um_pin`,`um_phone`,`um_rm_sl`,`um_isactive`,`um_creation_date`) VALUES 
 (8,'exu@sds.net','e9e6e739d5','nYAaiqyDVQPazFBI5YvufRXfxo5lOWU2ZTczOWQ1','exu@sds.net','Kolkata','700064','9830098300',8,1,'2016-11-14 16:12:49'),
 (9,'cust_admin@sds.net','171e281ed6','dYF6Scv+L9+JrnZxHPY/RvfTebUxNzFlMjgxZWQ2','Customer Admin','kolkata','700056','9749492841',9,1,'2016-11-21 13:59:56'),
 (10,'v@123.com','8bfa6dac9d','zzP9DXXaMVY0CgrGBWs0KUV0dkw4YmZhNmRhYzlk','vishal','patna','800002','8100112074',6,1,'2016-12-04 18:39:53'),
 (11,'shruti@123.com','f94113b6b4','5rzXsLt1YM28YG0Ivy6/51y6m3pmOTQxMTNiNmI0','shruti','patna','800001','9631048354',8,1,'2016-12-05 10:39:53'),
 (12,'nabin@123.com','1a2d9bf68a','PhzoJIbMr4m5DcNWEcfDmCYOFwsxYTJkOWJmNjhh','nabin','patna','800001','9835414500',8,1,'2016-12-05 10:43:15'),
 (13,'bedprakash@123.com','7ffc17450a','+A5/XNiqWfhcqe5FkrzRRoth+E43ZmZjMTc0NTBh','bedprakash','patna','800001','893599688',8,1,'2016-12-05 10:54:28'),
 (14,'pankaj@123.com','f1b6267172','UjdLe4RUJgX/LeY/j2RWr5DYKclmMWI2MjY3MTcy','pankaj','patna','800001','9507381556',8,1,'2016-12-05 11:01:08');
INSERT INTO `user_master` (`um_sl`,`um_email`,`um_salt`,`um_password`,`um_name`,`um_address`,`um_pin`,`um_phone`,`um_rm_sl`,`um_isactive`,`um_creation_date`) VALUES 
 (15,'vikash@123.com','dac887afc2','3OygRPuIg98Y4iUQnxPY+khiyOZkYWM4ODdhZmMy','vikash','patna','800001','9835374398',8,1,'2016-12-05 11:10:15'),
 (16,'exu@123','655c00277a','/5ZXAeAiMnQ20GAfsIZnqizKLEs2NTVjMDAyNzdh','Aniket','patna','800002','9007068655',8,1,'2016-12-05 11:11:07'),
 (17,'santosh@123.com','cc5cc3a12b','PxJ+BI8n0NcCxzKdjT0LHNE4NYtjYzVjYzNhMTJi','Santosh Kumar','Patna','800001','9693825590',7,1,'2016-12-05 17:45:16'),
 (18,'vishal@123.com','ac4537bd65','Mu1hVoR9a0IO28G2lmC/WEJi8DphYzQ1MzdiZDY1','vishal','patna','800001','9608586931',6,1,'2016-12-08 12:52:10'),
 (19,'sonu@123.com','003b51defc','BeToxkOkOwuZJt9EpP+VdQLGHs4wMDNiNTFkZWZj','Sonu Kumar','PHC','800001','7091963162',6,1,'2016-12-09 10:34:37'),
 (20,'sweta@123.com','e9e1eaab16','p7qZW02Ee/bDGoewumE0LefxzWdlOWUxZWFhYjE2','sweta','patna','800001','8100112074',6,1,'2016-12-16 14:53:42'),
 (21,'md.alam@123.com','d7178934e4','Y+kiPOzTZhyyY53iAB5DofwSvMhkNzE3ODkzNGU0','MD SHAHBAZ','patna','800002','612252345',6,1,'2016-12-16 15:14:51');
INSERT INTO `user_master` (`um_sl`,`um_email`,`um_salt`,`um_password`,`um_name`,`um_address`,`um_pin`,`um_phone`,`um_rm_sl`,`um_isactive`,`um_creation_date`) VALUES 
 (22,'shahbaz@alam.com','fd87b206fc','Sxm9r4hMWRHKhhJdVFK3guRDRTNmZDg3YjIwNmZj','Shahbaz Alam','Patna','800002','0612123654',6,1,'2016-12-16 15:42:28'),
 (23,'santosh1@123.com','882c1ff855','gEwI6k4Kct7z/+ayx2rQVL4CyRE4ODJjMWZmODU1','santosh','patna','800002','8100112074',5,1,'2016-12-20 13:08:17'),
 (24,'santosh2@123.com','8a1aebd6ee','Qe6FVuX/SEBEu3epaRp83vhpWaM4YTFhZWJkNmVl','santosh','patna','800001','9386406778',6,1,'2016-12-20 16:22:41'),
 (25,'mukesh@123.com','9d5ce57942','SvJbFHqhiT6bxO1m74Y4Frn8cWA5ZDVjZTU3OTQy','Mukesh Kumar','Patna','8340001','0612282356',6,1,'2016-12-21 11:24:20'),
 (26,'ravi@123.com','48ce00e905','jgYt0RXLaltP52V60cnu8YrPNro0OGNlMDBlOTA1','Ravi kumar','Patna','834001','0612232840',6,1,'2016-12-21 11:37:35'),
 (27,'vishal@anand.com','2d24891d0e','e/GCwLI3t1yL2KNMsSjPScwupSMyZDI0ODkxZDBl','vishal','Patna','83240028','282651',4,1,'2016-12-28 12:47:59'),
 (28,'DEEPAK@123GMAIL.COM','a2fe1763cc','tpXZjR0WHsTMmcOYHFstUZ3LN4dhMmZlMTc2M2Nj','DEEPAK','PHC','8340028','283162',6,1,'2017-01-03 10:32:15');
INSERT INTO `user_master` (`um_sl`,`um_email`,`um_salt`,`um_password`,`um_name`,`um_address`,`um_pin`,`um_phone`,`um_rm_sl`,`um_isactive`,`um_creation_date`) VALUES 
 (29,'pappu123@gmail.com','d17f5052d4','KxUEGlpqem5igXlS2HN30HcZhPxkMTdmNTA1MmQ0','Pappu','Patna','8340028','283124',6,1,'2017-01-03 14:59:37'),
 (30,'mukesh@gmail.com','506b1a8130','4nVYSA1Hy/yzws2i0NBo+gas8Vk1MDZiMWE4MTMw','mukesh','patna','800002','9386406778',4,1,'2017-01-04 10:59:59'),
 (31,'nabin@exqc.com','06bc8ae4e2','9lQBj6Z7P6lXe5SFgsJKg1TEJn0wNmJjOGFlNGUy','Nabin ','PHC','800028','283123',3,1,'2017-01-10 14:23:11'),
 (32,'bed@exqc.com','6498697ecf','Reid031ZxvcfKq3Th0rtdG4SFkI2NDk4Njk3ZWNm','Bed Prakash','PHC','800028','283123',3,1,'2017-01-10 14:24:48'),
 (33,'pankaj@exqc.com','d7f14b63ba','AdJumdQFH1KR+CWzLovd1GCXTDtkN2YxNGI2M2Jh','Pankaj','PHC','8400028','283124',3,1,'2017-01-11 11:50:17'),
 (34,'vikash@exqc.com','826501331e','9TL01UCW2WeOkLBAYp1k0qVUuvs4MjY1MDEzMzFl','Vikash Kumar','PHC','800002','283134',3,1,'2017-01-12 12:51:50'),
 (35,'ravi@kumar.com','d0356a8e69','/9Tp1oN0DzscjQfSPIRm5PbFOu9kMDM1NmE4ZTY5','RAVI KUMAR','anisabad','800002','8271336090',4,1,'2017-01-16 10:37:11');
INSERT INTO `user_master` (`um_sl`,`um_email`,`um_salt`,`um_password`,`um_name`,`um_address`,`um_pin`,`um_phone`,`um_rm_sl`,`um_isactive`,`um_creation_date`) VALUES 
 (36,'amit@exqc.com','83a795b983','ic5BVLUcFYmZxwo5rymSNNA+58Q4M2E3OTViOTgz','amitkumar','patna','800002','9386406778',3,1,'2017-01-16 16:16:20'),
 (37,'amarjeet@exqc.com','3c2fd7e278','gdsvWUX11U8OcEypa8+hMD8dWNYzYzJmZDdlMjc4','amarjeet','patna','800002','9386406778',3,1,'2017-01-16 16:17:56'),
 (38,'deepak@exqc.com','53f14f7709','VbGtvwji/zPQyt2dfV6YhZbzk0g1M2YxNGY3NzA5','deepak','patna','800002','9386406778',3,1,'2017-01-16 16:19:17'),
 (39,'nirma@exqc.com','6883a23a05','HViw3PPFf5c/qSlxgSoakXToRJA2ODgzYTIzYTA1','nirma','patna','800002','9386406778',3,1,'2017-01-16 16:20:37'),
 (40,'vijay@exqc.com','bbdb1eca27','asHhqRbU7Kf0haaQCHFSrNWSf7ZiYmRiMWVjYTI3','vijaykumar','patna','800002','9386406778',3,1,'2017-01-16 16:23:29'),
 (41,'ravi@admin.com','8fbf32ec5e','pX8vI895BIUi2+DwXW/efpubJWA4ZmJmMzJlYzVl','raviranjan','patna','800002','9386406778',3,1,'2017-01-18 10:46:50'),
 (42,'ravi@extr.com','2931f976e5','VsU3d2TM1yb6UFU31Crh3bhpPIAyOTMxZjk3NmU1','raviranjan1234','patna','800002','936406778',8,1,'2017-01-18 11:01:10');
INSERT INTO `user_master` (`um_sl`,`um_email`,`um_salt`,`um_password`,`um_name`,`um_address`,`um_pin`,`um_phone`,`um_rm_sl`,`um_isactive`,`um_creation_date`) VALUES 
 (43,'sonukrfqc@gail.com','c4a936495b','aYG/mFT0Tdrw+zQZuiFQjWDTdHZjNGE5MzY0OTVi','SONU KUMAR ','patna ','800020','7091963162',4,1,'2017-01-21 12:24:21'),
 (44,'shahbazAlam@gmail.com','5c1087f695','CxJ/R30FZSky78EcKfMbHsqk2BA1YzEwODdmNjk1','MD SHAHBAZ ALAM','patna','801505','9155347811',4,1,'2017-01-21 12:26:18'),
 (45,'sonu@sk.com','28c58f375f','/6bRKpJQCFnd/ybCbmhDbthDwH4yOGM1OGYzNzVm','sonu sk','patna high court ','800002','7091963162',4,1,'2017-01-21 12:31:23'),
 (46,'a4atish8083@gmail.com','553c8e945b','lG4sde6LOKYiVAP5R5bwxATbCCE1NTNjOGU5NDVi','Atish Ranjan','PHC','800028','283561',6,1,'2017-01-25 10:07:14'),
 (47,'manish123@gmail.com','3a99ad7e4c','DECKyGWDWDcP70CNvfBcer1fLaczYTk5YWQ3ZTRj','Manish Kumar','PHC','800028','283162',6,1,'2017-01-25 10:17:38'),
 (48,'murari@exqc.com','325c815628','LlQdCSP6AT92oIMFggUaubynHMgzMjVjODE1NjI4','Murari','PHC','800028','283164',3,1,'2017-01-28 10:40:55'),
 (49,'santosh12@gmail.com','98e7f93ca5','EUtCWFVHZhz/Pl0XdLfLQ0h8Lz05OGU3ZjkzY2E1','Santosh Kumar','PHC','800028','283154',2,1,'2017-01-29 12:37:39');
INSERT INTO `user_master` (`um_sl`,`um_email`,`um_salt`,`um_password`,`um_name`,`um_address`,`um_pin`,`um_phone`,`um_rm_sl`,`um_isactive`,`um_creation_date`) VALUES 
 (50,'PAPPUKUMAR@.COM','728e77e773','wcL9dAq+j2sqGR+og34Xo5xezOw3MjhlNzdlNzcz','PAPPUKUMAR@.COM','PATNA','8000001','8102052424',4,1,'2017-02-05 09:02:52'),
 (51,'DEEPAK@123.COM','1287c4c6a9','c1mrdikwDyRenIYQY/iHAkRj4BsxMjg3YzRjNmE5','DEEPAK KUMAR','PATNA','8000001','9934433256',4,1,'2017-02-05 13:26:40'),
 (52,'swetakumari@123.com','ffba30d20b','+l8yWy275rrKeqpwAYJ9XJ96H5xmZmJhMzBkMjBi','Sweta Kumari ','patna','8000001','9570962581',4,1,'2017-02-06 10:38:43'),
 (53,'adhyajha@exqc.com','efc7aa41e4','dUy6ZDqMaEfN+w2RkGA3OCcT11BlZmM3YWE0MWU0','Adhya Jha','PHC','800028','9334708560',3,1,'2017-03-09 17:16:40'),
 (55,'shah@exqc.com','fb95bf0ace','bYfLSvEB1y977VEduMHmp6o8FItmYjk1YmYwYWNl','Shah Azam','PHC','800028','283184',3,1,'2017-03-09 17:19:24'),
 (58,'tinku@exu.com','511a95242c','95nFHaccYV2yZfKE5JDooq9IHNQ1MTFhOTUyNDJj','Tinku Kumar','PHC','800028','283184',8,1,'2017-03-15 16:32:13'),
 (63,'murari@exu.com','48e5b6cba6','TyUY5TWHvi/BqtU1zonhoizvJZI0OGU1YjZjYmE2','Murari','PHC','800028','283184',8,1,'2017-03-15 16:40:22');
INSERT INTO `user_master` (`um_sl`,`um_email`,`um_salt`,`um_password`,`um_name`,`um_address`,`um_pin`,`um_phone`,`um_rm_sl`,`um_isactive`,`um_creation_date`) VALUES 
 (64,'jitesh@exu.com','3a48f4805d','Fux/pwAf3tlgWzABWsAwuGDZE80zYTQ4ZjQ4MDVk','Jitesh Kumar','PHC','800028','283184',8,1,'2017-03-16 17:41:51'),
 (65,'adhyajha@exu.com','aa1c7b5693','bhfw7HiaXcHbTGIB5QGVVH9Tbe5hYTFjN2I1Njkz','Adhya Jha','PHC','800028','283184',8,1,'2017-03-16 17:43:32'),
 (68,'shah@exu.com','9aadb72217','qmWCBMONeZODjYM6W3ybkN9KuZw5YWFkYjcyMjE3','Shah Azam','PHC','800028','283184',8,1,'2017-03-16 17:48:41'),
 (69,'kamleshwar@exqc.com','06dba771cb','s2Nf/Yaevj1t6nCF38v5vs3KXbUwNmRiYTc3MWNi','Kamleshwar Prasad','PHC','800028','283184',3,1,'2017-03-16 18:16:24'),
 (71,'tinku@exqc.com','85eee5478d','nrdW8Fuk2yNbt7+B1Ngn4Ekkq6o4NWVlZTU0Nzhk','Tinku Kumar','PHC','800028','283184',3,1,'2017-03-16 18:19:12'),
 (72,'santosh@exqc.com','533a2119ae','f3or4Rmah+z56Cxql4opmjHnStY1MzNhMjExOWFl','Santosh Upadhyay','PHC','800028','283184',3,1,'2017-03-16 18:20:24'),
 (73,'md@supriya.com','6bb9747757','YsPGiffbnBE7BTkdObIpejlCtu82YmI5NzQ3NzU3','Supriya','PHC','800028','283184',6,1,'2017-03-16 18:58:09');
INSERT INTO `user_master` (`um_sl`,`um_email`,`um_salt`,`um_password`,`um_name`,`um_address`,`um_pin`,`um_phone`,`um_rm_sl`,`um_isactive`,`um_creation_date`) VALUES 
 (74,'md@maya.com','84b0ba8dfe','xD1IvQI9OLT4pWh9L1XeMCplicU4NGIwYmE4ZGZl','Maya Mishra','PHC','800028','283184',6,1,'2017-03-16 19:00:03'),
 (75,'md@bablu.com','01dd27b8ef','9jkZrV8BLVyW1DCbbpp8m11sqDIwMWRkMjdiOGVm','Bablu Kumar','PHC','800028','283184',6,1,'2017-03-16 19:01:42'),
 (76,'nirma@exu.com','2605c51af7','bSrhUzWXkSeSu93f8ai/ZXV6D8oyNjA1YzUxYWY3','Nirma','PHC','800028','283184',8,1,'2017-03-17 20:05:21'),
 (77,'md@sonam.com','4c44e1de6c','QzNe7VL+gihwxnpXfd+brFlxJ080YzQ0ZTFkZTZj','Sonam Kumari','PHC','800028','283184',6,1,'2017-03-18 17:42:36'),
 (78,'md@vijeta.com','fd12a8b4e9','MAnKbCR4LpGwrEG+rX9rdOfXg/ZmZDEyYThiNGU5','Vijeta Kumari','PHC','800028','283184',6,1,'2017-03-20 17:44:16'),
 (79,'md@tannu.com','1a718e66c4','W8Hyg8LPML9pYOs5UtMWouo8Lg0xYTcxOGU2NmM0','Tannu Kumari','PHC','800028','283184',6,1,'2017-03-20 17:45:36'),
 (82,'manish@in.com','be5153c1f6','plUzAui6MKbxwZWdA+vadaWJGm9iZTUxNTNjMWY2','Manish','PHC','800028','283184',7,1,'2017-03-23 16:44:18');
INSERT INTO `user_master` (`um_sl`,`um_email`,`um_salt`,`um_password`,`um_name`,`um_address`,`um_pin`,`um_phone`,`um_rm_sl`,`um_isactive`,`um_creation_date`) VALUES 
 (83,'md@nutan.com','edd9cf1c7d','tctZxODKzIwFVvJrFkGBywRFsIllZGQ5Y2YxYzdk','Nutan ','PHC','800028','283184',6,1,'2017-03-25 19:33:43'),
 (84,'md@rajeev.com','6f9a1fb163','LABKcVGnm83TS3gZbntxKxNKYw42ZjlhMWZiMTYz','Rajiv Kumar','PHC','800028','283184',6,1,'2017-03-27 17:54:40'),
 (85,'md@tanvir.com','ca70962545','iwDuMp2KTQW0GiX0Nh/U7wstQZZjYTcwOTYyNTQ1','Md Tanvir Hussain','PHC','800028','283184',6,1,'2017-03-27 17:56:14'),
 (86,'md@meera.com','c757ccc66f','+WCmTHcYpmE4fhyS/nhzakhZDo9jNzU3Y2NjNjZm','Meera Kumari','PHC','800028','283184',6,1,'2017-03-27 17:57:52'),
 (87,'md@priyanka.com','e3c1d9bf37','2Zk2vBF3j+4uh4MRP8b1trgY2l5lM2MxZDliZjM3','Kumari Priyanka','PHC','800028','283184',6,1,'2017-03-27 17:59:59'),
 (88,'md@vishal.com','6999b0c758','hv3STKKlcQRtUPqLJjuwvXV/ciY2OTk5YjBjNzU4','Vishal Kumar','PHC','800028','283184',6,1,'2017-03-30 15:44:49'),
 (89,'vijeta@iqc.com','f7996b60db','66K51jBpd6mrh/z95dL7Vx42DnlmNzk5NmI2MGRi','Vijeta Kumari','PHC','800028','283184',4,1,'2017-04-07 16:42:39');
INSERT INTO `user_master` (`um_sl`,`um_email`,`um_salt`,`um_password`,`um_name`,`um_address`,`um_pin`,`um_phone`,`um_rm_sl`,`um_isactive`,`um_creation_date`) VALUES 
 (90,'subhashini@123.com','bb54e909f1','Pmg+VKV12cQOxW2JNC8w7+f8BVdiYjU0ZTkwOWYx','Subhashini','PHC','800028','283184',6,1,'2017-04-11 15:38:17'),
 (91,'Gausiyaimam@.com','c5258f4359','QzsVj0x1wpqE+bZPdmfsrQegpj1jNTI1OGY0MzU5','Gausiya Imam','patna','800002','8651105481',6,1,'2017-06-19 07:50:52'),
 (92,'julierani@.com','2b62c2ac6d','X4gtzAV+4bXOjvt7mIyA6LqoioYyYjYyYzJhYzZk','Julie Rani ','patna','800002','7857963926',6,1,'2017-06-19 07:57:22'),
 (93,'tannu@kumari.com','83b92f8fca','xp4ezVNt6dc+pTN4i7Ltld3D56k4M2I5MmY4ZmNh','Tannu Kumari ','patna','800002','7301469895',4,1,'2017-06-19 08:00:01'),
 (94,'vijeta@kumari.com','ba97cce4cf','VoQspXzci+47BX88InjDoCNEuZViYTk3Y2NlNGNm','Vijeta Kumari ','patna','800002','8877976160',4,1,'2017-06-19 08:02:44'),
 (95,'tanvir@hussain','4e63cec684','3rpOR7Bks4cbknJt8anUBNTK1h40ZTYzY2VjNjg0','Tanvir Hussain','patna','800002','9798361746',4,1,'2017-06-19 08:11:46'),
 (96,'gazala@perween.com','5ae3f5c997','+pQneyHYoYqZKinI7Grmq/VAI+c1YWUzZjVjOTk3','Gazala Perween ','patna','8000002','9430228024',6,1,'2017-06-20 08:38:02');
INSERT INTO `user_master` (`um_sl`,`um_email`,`um_salt`,`um_password`,`um_name`,`um_address`,`um_pin`,`um_phone`,`um_rm_sl`,`um_isactive`,`um_creation_date`) VALUES 
 (97,'maya@mishra.com','eff9f20722','KzgtX41qLHOorUzdN45edAOV/lplZmY5ZjIwNzIy','Maya Mishra','patna','800002','8541912747',4,1,'2017-06-20 08:40:30'),
 (98,'santosh.com','dd20ba2fd9','TwPmNQ7vJrmWqtfS0VH0Uupne8xkZDIwYmEyZmQ5','Santosh Kumar(Customer Co.)','PHC','800028','283184',6,1,'2017-06-24 08:31:46'),
 (99,'rahilmam@.com','a723a2d077','dHj++FtqURUnEPwsHLf2x/d6nHphNzIzYTJkMDc3','S Rahil Imam ','patna','8000002','8750976110',6,1,'2017-06-28 04:43:02'),
 (100,'rajat@.com','da2c027177','CEljSnf+6YCDIY5R55i49aF5hYdkYTJjMDI3MTc3','Rajat Kumar ','patna','8000002','7070904129',6,1,'2017-06-28 04:47:13'),
 (101,'abhinav@.com','80adfe5582','6tlI3oD9Cs6SgxeSnx4/7GgmRCI4MGFkZmU1NTgy','Abhinav Siddharth','patna','800002','9771541473',6,1,'2017-06-28 04:48:48'),
 (102,'md@.com','ad8f96d2cb','IM1dZ71yjlMr0rBrN3LmTx4Ghp9hZDhmOTZkMmNi','Md. Irshad','patna','8000002','8540987063',6,1,'2017-06-28 04:51:23'),
 (103,'sobha@.com','e0374b9261','vOYjFQmnGE8xvoiGtCzteQS5JSNlMDM3NGI5MjYx','Sobha Raj','patna','8000002','9939180333',6,1,'2017-06-28 04:55:51');
INSERT INTO `user_master` (`um_sl`,`um_email`,`um_salt`,`um_password`,`um_name`,`um_address`,`um_pin`,`um_phone`,`um_rm_sl`,`um_isactive`,`um_creation_date`) VALUES 
 (104,'paramjeet@.com','5f77256c55','7XtKy0oO7vHlb0J/quEu8Q4NQjU1Zjc3MjU2YzU1','Paramjeet Singh ','patna','8000002','9199507199',6,1,'2017-06-28 05:00:06'),
 (105,'rahil@.com','7de5c7b4b7','y+JBZ2d3IQ+973AUk0xMWSvpSrM3ZGU1YzdiNGI3','S Rahil Imam','patna','800002','8750976110',6,1,'2017-06-28 05:24:50'),
 (106,'abhishek@.com','5f0e75718e','kvN31TQVfmv9vIG80nuTDNL5YEU1ZjBlNzU3MThl','Abhishek Kumar Singh ','patna','8000002','9708169429',6,1,'2017-07-01 10:04:56'),
 (107,'gaurav@.com','402860d4c6','hrS5fM35VBhE+NOJ3dxTZMASRis0MDI4NjBkNGM2','Gaurav Swaraj ','patna','8000002','7372891449',6,1,'2017-07-04 11:04:29'),
 (108,'ranjeet@.com','ed820b624a','x0BogpCKjkZgkwlEjxUDxbHgyTNlZDgyMGI2MjRh','Ranjeet Kumar','patna','8000002','9801772825',6,1,'2017-07-04 11:05:44'),
 (109,'saddam@.com','a314277ef6','iiyxuENGKRFqz2mxZZX/XnREFTphMzE0Mjc3ZWY2','Saddam Hussain','patna','8000002','7301720327',6,1,'2017-07-04 11:06:52'),
 (110,'abu@.com','a36985bacb','wq6JukggtIu0ZB7AgBdCu/EmDL9hMzY5ODViYWNi','Abu Zaid','patna','8000002','7277691656',6,1,'2017-07-04 11:07:32');
INSERT INTO `user_master` (`um_sl`,`um_email`,`um_salt`,`um_password`,`um_name`,`um_address`,`um_pin`,`um_phone`,`um_rm_sl`,`um_isactive`,`um_creation_date`) VALUES 
 (111,'deepak@.com','eaf585e151','nkLrrJQDw5ECmBqwyenleWAErxxlYWY1ODVlMTUx','Deepak Kumar','patna','800002','9576407034',6,1,'2017-07-04 11:08:40'),
 (112,'sanjeev@.com','d5409908ee','f/7c7S5LkLI+nw929S3ACEkh7KdkNTQwOTkwOGVl','Sanjeev Kumar ','patna','800002','8676045810',6,1,'2017-07-04 11:09:43'),
 (113,'sourabh@.com','ccd04939f2','XaM6njWHJcVSc/s1Pkzx3cAROZVjY2QwNDkzOWYy','Sourabh Kumar ','patna','8000002','9639860762',6,1,'2017-07-04 11:50:58'),
 (114,'deepakkumar@.com','8dbc934369','Oo2Goam2TvFbg77kZtm8Z+oEvR44ZGJjOTM0MzY5','Deepak Kumar ','patna','8000002','9576407034',6,1,'2017-07-05 11:08:47'),
 (115,'preeti@.com','af5c4b77fe','ttvAEga7CAITcEKmoTXoMwd+eHFhZjVjNGI3N2Zl','Preeti Sinha ','patna','800002','8518003443',6,1,'2017-07-13 03:48:10'),
 (116,'abhilasha','232758d2b2','wMft3HvzbukAySLM1cNS6ROUL5IyMzI3NThkMmIy','ABHILASHA ','patna','800002','9798267177',6,1,'2017-07-13 03:51:28'),
 (117,'abhi@.com','17ba079149','u8h/7kLDMWZSF2vW0G45KGjkSm8xN2JhMDc5MTQ5','abhi','patna','800020','9798267177',6,1,'2017-07-18 03:36:53');
INSERT INTO `user_master` (`um_sl`,`um_email`,`um_salt`,`um_password`,`um_name`,`um_address`,`um_pin`,`um_phone`,`um_rm_sl`,`um_isactive`,`um_creation_date`) VALUES 
 (118,'binu@exu.com','6a1af9b134','K5WFR5ur86V6sv9tXrOl4j2xi402YTFhZjliMTM0','Binu Varghese','Phc','800028','283104',8,1,'2017-12-13 08:15:46'),
 (119,'jeet@exu.com','73952dc0d4','7GlDQveK9YEELYOzFSBwutnv9Vs3Mzk1MmRjMGQ0','Jeetesh ','Phc','800028','283184',8,1,'2017-12-23 08:38:35'),
 (120,'ritesh@exu.com','f94ad4f1c2','djSh8LxOxOJ8WsRTYlwsCqnvs5lmOTRhZDRmMWMy','Ritesh Kumar','PHC','800028','283184',8,1,'2017-12-23 08:49:44'),
 (122,'kamleshwar@exu.com','b7fee16d43','RBF3VMr0++AlZliTqXrRIELHbphiN2ZlZTE2ZDQz','Kamleshwar','PHC','800028','283184',8,1,'2018-04-02 08:06:27'),
 (123,'gaurav@exu.com','cb2d4e3e63','orE/yYAbSPyxfIo+wnyW5xlYzQVjYjJkNGUzZTYz','Gaurav','PHC','800028','283184',8,1,'2018-04-05 07:09:06'),
 (124,'uday@exu.com','07906bd1b1','DDWyxd1BZ07fGlOsc0RGQWTb73swNzkwNmJkMWIx','UDAY KUMAR','PHC','800028','832403',3,1,'2018-08-27 07:01:18'),
 (125,'kamlesh@exqc.com','57dde641e1','s6YXfuVGlXzAJ+Jt8O5s+7/7WZ81N2RkZTY0MWUx','KAMLESHWAR PRASAD','PHC','800028','832403',3,1,'2018-09-06 07:15:23');
INSERT INTO `user_master` (`um_sl`,`um_email`,`um_salt`,`um_password`,`um_name`,`um_address`,`um_pin`,`um_phone`,`um_rm_sl`,`um_isactive`,`um_creation_date`) VALUES 
 (126,'ritesh@exqc.com','d74f442a77','woL0CJtOmj/QbnZ0owcXxxqBVi5kNzRmNDQyYTc3','RITESH KUMAR','PHC','800028','283184',3,1,'2018-10-10 07:24:48'),
 (127,'jitesh@exqc.com','3ffa47f753','/Pfj4vHUs44ZYhyuJhmPQGuA5H0zZmZhNDdmNzUz','JITESH KUMAR','PHC','800028','283184',3,1,'2018-10-10 07:26:18'),
 (128,'nilam@exqc.com','d4234d9f79','0dSDOgEZDjObBgLNLhBkL5fIFopkNDIzNGQ5Zjc5','NILAM KUMARI','PHC','800028','283184',3,1,'2018-11-19 06:12:21'),
 (130,'neha@exqc.com','16c24afc7e','e0ld9+HqPFcEqhnXA64Snb5USO8xNmMyNGFmYzdl','NEHA KUMARI ','PHC','800028','283184',3,1,'2018-11-19 06:15:55'),
 (131,'noor@exqc.com','5249304604','lFaI+53sUpYvriqnD2DruNT26YE1MjQ5MzA0NjA0','NOORJABI','PHC','800028','283184',3,1,'2018-11-19 06:17:31'),
 (132,'gaurav@exqc.com','cc30710256','DEuUBHWpNU6NKbZc3l9TlFr0iSNjYzMwNzEwMjU2','GAURAV VERMA','PHC','800028','283184',3,1,'2018-11-19 06:20:23'),
 (133,'binu@exqc.com','f96b494f7c','rQHdSS2xNt9k+wYNUN20Oc1ibadmOTZiNDk0Zjdj','Binu Varghese','PHC','800028','283184',3,1,'2018-11-19 12:42:56');
INSERT INTO `user_master` (`um_sl`,`um_email`,`um_salt`,`um_password`,`um_name`,`um_address`,`um_pin`,`um_phone`,`um_rm_sl`,`um_isactive`,`um_creation_date`) VALUES 
 (134,'leena@exqc.com','2c357e386f','Rvomu+mlgjKlmKPbXzJ+h/hnBTkyYzM1N2UzODZm','LEENA','phc','800028','283184',3,1,'2018-11-22 06:28:16'),
 (135,'shyam@gmail.com','43c4894f29','QVAVOCB9PnIhyWfzaUX3MC2d0Vs0M2M0ODk0ZjI5','shyam@gmail.com','45','4444','4',8,1,'2019-01-19 08:38:57'),
 (136,'neha@123gmail.com','79246c9a67','NEmEc4Vpea8BMbZcD5jb3OPk7ak3OTI0NmM5YTY3','Neha ','n/a','aa','aa',8,1,'2019-01-19 08:44:35'),
 (137,'leena@exu.com','fa19ad24c6','Y59anjjf6SeuIO4CZl3A3XGaMWRmYTE5YWQyNGM2','Leena Kumari ','aa','aaa','aa',8,1,'2019-01-19 08:47:31'),
 (138,'santosh@exu.com','95ddc75288','eyJPWRkKLM0+XWYSpbG4GD+RS7c5NWRkYzc1Mjg4','Santosh Kumar','Patna','111111','1111111111',8,1,'2019-01-19 09:05:10'),
 (139,'noorjabi@123gmail.com','96e4ffe10a','N2PxM/97znRBjNLEn4pmvrZkMnQ5NmU0ZmZlMTBh','Noor Jabi','Patna','111111','1111111111',8,1,'2019-01-19 09:06:59'),
 (140,'nilam@exu.com','35cbbf9f71','MeihJ6Pb8kpEkitaGJEr/aweZhQzNWNiYmY5Zjcx','Nilam Kumari','Patna','111111','1111111111',8,1,'2019-01-19 09:08:15');
INSERT INTO `user_master` (`um_sl`,`um_email`,`um_salt`,`um_password`,`um_name`,`um_address`,`um_pin`,`um_phone`,`um_rm_sl`,`um_isactive`,`um_creation_date`) VALUES 
 (141,'amit@exu.com','3f1af8455a','IiRlcv14mumLL0IZSHJ0Eaco1owzZjFhZjg0NTVh','Amit','Patna','111111','1111111111',8,1,'2019-01-19 09:09:20'),
 (142,'amarjeet@exu.com','e843305096','e5rDsP3M63fqn4orMU1zywmkUGBlODQzMzA1MDk2','Amarjeet Kumar','Patna','111111','1111111111',8,1,'2019-01-19 09:10:31'),
 (143,'deepak@exu.com','6cc33376b5','jlMBEKvPInuWr3tzZTDfjjukpcM2Y2MzMzM3NmI1','Deepak','Patna','111111','111111111',8,1,'2019-01-19 09:11:27'),
 (144,'nabin@1234.com','4a755b4c5b','poImDmtUE61LpljSpHc1L3AD6RM0YTc1NWI0YzVi','Nabin','Patna','111111','1111111111',8,1,'2019-01-19 09:13:53');
/*!40000 ALTER TABLE `user_master` ENABLE KEYS */;

/*!40101 SET SQL_MODE=@OLD_SQL_MODE */;
/*!40014 SET FOREIGN_KEY_CHECKS=@OLD_FOREIGN_KEY_CHECKS */;
/*!40014 SET UNIQUE_CHECKS=@OLD_UNIQUE_CHECKS */;
/*!40101 SET CHARACTER_SET_CLIENT=@OLD_CHARACTER_SET_CLIENT */;
/*!40101 SET CHARACTER_SET_RESULTS=@OLD_CHARACTER_SET_RESULTS */;
/*!40101 SET COLLATION_CONNECTION=@OLD_COLLATION_CONNECTION */;
/*!40101 SET CHARACTER_SET_CLIENT=@OLD_CHARACTER_SET_CLIENT */;
